-- phpMyAdmin SQL Dump
-- version 5.0.2
-- https://www.phpmyadmin.net/
--
-- Host: 127.0.0.1
-- Waktu pembuatan: 11 Jul 2021 pada 04.05
-- Versi server: 10.4.14-MariaDB
-- Versi PHP: 7.4.10

SET SQL_MODE = "NO_AUTO_VALUE_ON_ZERO";
START TRANSACTION;
SET time_zone = "+00:00";


/*!40101 SET @OLD_CHARACTER_SET_CLIENT=@@CHARACTER_SET_CLIENT */;
/*!40101 SET @OLD_CHARACTER_SET_RESULTS=@@CHARACTER_SET_RESULTS */;
/*!40101 SET @OLD_COLLATION_CONNECTION=@@COLLATION_CONNECTION */;
/*!40101 SET NAMES utf8mb4 */;

--
-- Database: `sisinpus`
--

-- --------------------------------------------------------

--
-- Struktur dari tabel `tb_anggota`
--

CREATE TABLE `tb_anggota` (
  `NomorInduk` varchar(20) NOT NULL,
  `nama_anggota` varchar(100) NOT NULL,
  `jk_anggota` varchar(1) NOT NULL,
  `alamat` text NOT NULL,
  `no_telp` varchar(20) NOT NULL,
  `status` varchar(10) NOT NULL,
  `foto` varchar(255) NOT NULL
) ENGINE=InnoDB DEFAULT CHARSET=utf8mb4;

--
-- Dumping data untuk tabel `tb_anggota`
--

INSERT INTO `tb_anggota` (`NomorInduk`, `nama_anggota`, `jk_anggota`, `alamat`, `no_telp`, `status`, `foto`) VALUES
('0145', 'Sukma Cahyaningsih', 'P', 'Jalan Pisangan Lama No.10', '085623416756', 'Pegawai', 'Default.png'),
('0146', 'Hari', 'L', 'Jalan Pin', '087716816201', 'Pegawai', 'Default.png'),
('145231789', 'Inggih', 'P', 'Jalan Indah 1', '082258802031', 'Guru', 'Default.png'),
('3703', 'NUVO LORIANSYAH', 'L', 'Jl. Madukara 4', '081803526892', 'Siswa', 'Default.png'),
('4271', 'MOEHAMMAD DIVO ZAVIOLA', 'L', 'Jl. Kekeran 9', '08571300405', 'Siswa', 'Default.png'),
('4466', 'MUHAMMAD RIFANSYAH', 'L', 'Jl. Cipinang Muara 25', '087782153060', 'Siswa', 'Default.png'),
('4473', 'ABDURRAZAQ', 'L', 'Jl. Kesadaran 5', '085777777656', 'Siswa', 'Default.png'),
('4474', 'ADITYA RAHMAN', 'L', 'Jl. Cipinang Muara 3', '081289309847', 'Siswa', 'Default.png'),
('4475', 'AFRYDA SYUA ', 'P', 'Jl. Cipinang Muara 4', '081289309848', 'Siswa', 'Default.png'),
('4477', 'AHMAD LUCKY BAIHAQI', 'L', 'Jl. Elang 2', '081818897324', 'Siswa', 'Default.png'),
('4478', 'AL-SHIFAH RIDHO', 'L', 'Jl. Elang 5', '081818897327', 'Siswa', 'Default.png'),
('4479', 'ANIS FADLILLAH', 'L', 'Jl. Mawar 6', '089533435689', 'Siswa', 'Default.png'),
('4480', 'AQILLAH ZAHRRA', 'P', 'Jl. Surya 1', '081818897328', 'Siswa', 'Default.png'),
('4481', 'DANI RAMADHAN', 'L', 'Jl. Surya 4', '081818897331', 'Siswa', 'Default.png'),
('4483', 'DWI HARDIYANTO', 'L', 'Jl. Majala 6', '089697288843', 'Siswa', 'Default.png'),
('4484', 'EKA BRIANIC RAMADHAN', 'L', 'Jl. Surya 5', '081818897332', 'Siswa', 'Default.png'),
('4485', 'FARRAS AZ ZAHRA PUTRI ADJI', 'P', 'Jl. Griawatan 2', '089697288843', 'Siswa', 'Default.png'),
('4486', 'HAMDAN MAULIDI', 'L', 'Jl. Cipinang Muara 13', '087782153048', 'Siswa', 'Default.png'),
('4488', 'IRSYAD MAULANA', 'L', 'Jl. Mars 4', '081818897337', 'Siswa', 'Default.png'),
('4489', 'IZZAN NATHA PUTRA', 'L', 'Jl. Griawatan 5', '081214859032', 'Siswa', 'Default.png'),
('4490', 'LANDO BADRANAYA', 'L', 'Jl. Cipinang Muara 18', '087782153053', 'Siswa', 'Default.png'),
('4491', 'MAULANA AGUNG SAPUTRA', 'L', 'Jl. Cipinang Muara 38', '081213349055', 'Siswa', 'Default.png'),
('4492', 'MAULANA MALIK ', 'L', 'Jl. Mars 7', '081818897340', 'Siswa', 'Default.png'),
('4493', 'MUHAMMAD SYAFIQ FIRAS', 'L', 'Jl. Cipinang Muara 49', '081818897300', 'Siswa', 'Default.png'),
('4494', 'MUHAMAD RAGIL SAPUTRA', 'L', 'Jl. Cipinang Muara 41', '081818897292', 'Siswa', 'Default.png'),
('4495', 'MUHAMMAD ABIYYU ROZAN', 'L', 'Jl. Cipinang Muara 42', '081818897293', 'Siswa', 'Default.png'),
('4496', 'MUHAMMAD ARYA SAPUTRA', 'L', 'Jl. Kudin 2', '081818897342', 'Siswa', 'Default.png'),
('4497', 'MUHAMMAD DZAKY RIANTO', 'L', 'Jl. Cipinang Muara 22', '087782153057', 'Siswa', 'Default.png'),
('4499', 'MUHAMMAD ZUFAR SHIDIQ', 'L', 'Jl. Cipinang Timur 1', '081818897302', 'Siswa', 'Default.png'),
('4500', 'NAJWA SIFA OLIVIA', 'P', 'Jl. Cipinang Timur 2', '081818897303', 'Siswa', 'Default.png'),
('4501', 'PUTRI NABILA SAFIRA', 'P', 'Jl. Nugraha 4', '081818897350', 'Siswa', 'Default.png'),
('4502', 'RIZKY NURRACHMAN', 'L', 'Jl. Nugroho 3', '081818897355', 'Siswa', 'Default.png'),
('4503', 'SADID ARIQ', 'L', 'Jl. Kali Baru 3', '081818897357', 'Siswa', 'Default.png'),
('4504', 'SAFINATUN NAJA', 'P', 'Jl. Cipinang Timur 10', '081818897311', 'Siswa', 'Default.png'),
('4505', 'SELYA SAFIINATUNNAJAH', 'P', 'Jl. Cipinang Muara 33', '089663092754', 'Siswa', 'Default.png'),
('4506', 'VIKRY RAMADHAN ', 'L', 'Jl. Cipinang Muara 35', '089663092756', 'Siswa', 'Default.png'),
('4507', 'YULITA ANDINI', 'P', 'Jl. Bambu Duri 6', '081818897320', 'Siswa', 'Default.png'),
('4508', 'ZAHRAH FITRIYANI', 'P', 'Jl. Bambu Duri 8', '081818897322', 'Siswa', 'Default.png'),
('4509', 'ZULFIKAR FEBRIAN', 'L', 'Jl. Cipinang Elok 4', '081314628376', 'Siswa', 'Default.png'),
('4510', 'ADI PRAMONO', 'L', 'Jl. Cipinang Elok 5', '081314628377', 'Siswa', 'Default.png'),
('4511', 'ADINDA AISYAH ', 'P', 'Jl. Cipinang Muara 1', '081314628378', 'Siswa', 'Default.png'),
('4512', 'ACHMAD JAMALUDIN', 'L', 'Jl. Elang 1', '081818897323', 'Siswa', 'Default.png'),
('4514', 'ARIEL GIBRAN', 'L', 'Jl. Cipinang Muara 6', '081289309850', 'Siswa', 'Default.png'),
('4515', 'BIMA DYAN NUGROHO', 'L', 'Jl. Surya 3', '081818897330', 'Siswa', 'Default.png'),
('4516', 'DEWI INDAH WAHYUNI', 'P', 'Jl. Majala 4', '089697288843', 'Siswa', 'Default.png'),
('4518', 'HILMAN RACHIM', 'L', 'Jl. Cipinang Muara 14', '087782153049', 'Siswa', 'Default.png'),
('4519', 'INDAH ARIMURTY ', 'P', 'Jl. Cipinang Muara 15', '087782153050', 'Siswa', 'Default.png'),
('4520', 'LAILA KAMILA', 'P', 'Jl. Cipinang Muara 17', '087782153052', 'Siswa', 'Default.png'),
('4521', 'MARITZA PUTRI', 'P', 'Jl. Mars 6', '081818897339', 'Siswa', 'Default.png'),
('4522', 'MOCHAMAD FATHAN ALFISAH DWI PUTRA', 'L', 'Jl. Cipinang Muara 39', '081213349056', 'Siswa', 'Default.png'),
('4523', 'MOHAMMAD NAZAR AGASSY', 'L', 'Jl. Kudin 1', '081818897341', 'Siswa', 'Default.png'),
('4525', 'MUHAMMAD FATIH', 'L', 'Jl. Cipinang Muara 23', '087782153058', 'Siswa', 'Default.png'),
('4526', 'MUHAMMAD FAUZAN AKMAL', 'L', 'Jl. Griawatan 9', '081214859036', 'Siswa', 'Default.png'),
('4527', 'MUHAMMAD FIRDAUS', 'L', 'Jl. Kebon Nanas 1', '081310005364', 'Siswa', 'Default.png'),
('4528', 'MUHAMMAD RENALDY SAPUTRA', 'L', 'Jl. Cipinang Muara 47', '081818897298', 'Siswa', 'Default.png'),
('4529', 'MUHAMMAD YUZA ARDIMAS', 'L', 'Jl. Cipinang Muara 27', '087782153062', 'Siswa', 'Default.png'),
('4530', 'MUHAMMAD ZAKI DAMANHURI', 'L', 'Jl. Kudin 5', '081818897345', 'Siswa', 'Default.png'),
('4531', 'NAKEISHA ATHIYYAH DJAFAR ', 'P', 'Jl. Cipinang Jaya 2', '081310005368', 'Siswa', 'Default.png'),
('4532', 'NINDYA PUTRI RAMADANI', 'P', 'Jl. Cipinang Muara 28', '089663092749', 'Siswa', 'Default.png'),
('4533', 'NOVITRI SYAWALI', 'P', 'Jl. Nugraha 2', '081818897348', 'Siswa', 'Default.png'),
('4534', 'PUTRI QATRUN NADA', 'P', 'Jl. Cipinang Muara 30', '089663092751', 'Siswa', 'Default.png'),
('4535', 'RAKA PUTRA SULAKSONO', 'L', 'Jl. Cipinang Jaya 4', '085885537850', 'Siswa', 'Default.png'),
('4536', 'RIDWAN SONY SETYAWAN', 'L', 'Jl. Cipinang Timur 9', '081818897310', 'Siswa', 'Default.png'),
('4537', 'RIFKI ALFIANSYAH', 'L', 'Jl. Cipinang Jaya 7', '085885537853', 'Siswa', 'Default.png'),
('4538', 'RIZKI ABDULAH', 'L', 'Jl. Nugroho 2', '081818897354', 'Siswa', 'Default.png'),
('4540', 'ROFIQO FARI ', 'L', 'Jl. Cipinang Muara 32', '089663092753', 'Siswa', 'Default.png'),
('4541', 'SEPTI AZIS ANGGRAENI', 'P', 'Jl. Kali Baru 4', '081818897358', 'Siswa', 'Default.png'),
('4542', 'SHAVA DWI MAHARANI', 'P', 'Jl. Cipinang Timur 13', '081818897314', 'Siswa', 'Default.png'),
('4543', 'SILVI RAHMADINI', 'P', 'Jl. Bambu Duri 1', '081818897315', 'Siswa', 'Default.png'),
('4544', 'SULI ENDAHWATI', 'P', 'Jl. Bambu Duri 3', '081818897317', 'Siswa', 'Default.png'),
('4545', 'SYAFA CAHYA KAMILA', 'P', 'Jl. Bambu Duri 4', '081818897318', 'Siswa', 'Default.png'),
('4546', 'YUSUF SYAHPUTRA SEFTIAN PATIRAN', 'L', 'Jl. Bambu Duri 7', '081818897321', 'Siswa', 'Default.png'),
('4547', 'ADELIYANTI', 'P', 'Jl. Mawar 2', '085777777657', 'Siswa', 'Default.png'),
('4548', 'AKHDAN FAJAR KARAMI', 'L', 'Jl. Mawar 4', '085777777659', 'Siswa', 'Default.png'),
('4549', 'ALIFA AMARTYA', 'P', 'Jl. Elang 4', '081818897326', 'Siswa', 'Default.png'),
('4551', 'ANGGRAENI PUTRI', 'P', 'Jl. Mawar 5', '085777777660', 'Siswa', 'Default.png'),
('4552', 'AZIZI AHMADU SYAHID', 'L', 'Jl. Surya 2', '081818897329', 'Siswa', 'Default.png'),
('4554', 'DELLA PUTRI FEBRIANTI', 'P', 'Jl. Majala 2', '089533435691', 'Siswa', 'Default.png'),
('4555', 'ELSA MAELA SARIP', 'P', 'Jl. Majala 7', '089697288843', 'Siswa', 'Default.png'),
('4556', 'ERLY RAISTI FRIATNA', 'P', 'Jl. Surya 6', '081818897333', 'Siswa', 'Default.png'),
('4557', 'GITA PUSPITA', 'P', 'Jl. Cipinang Muara 12', '087782153047', 'Siswa', 'Default.png'),
('4558', 'IDAR MIRANTO', 'L', 'Jl. Cipinang Muara 36', '081213349053', 'Siswa', 'Default.png'),
('4559', 'JINGGA ALIFAH IDRIS', 'P', 'Jl. Cipinang Muara 16', '087782153051', 'Siswa', 'Default.png'),
('4560', 'MUHAMMAD RAMADHAN HASYIM', 'L', 'Jl. Cipinang Muara 24', '087782153059', 'Siswa', 'Default.png'),
('4561', 'MUHAMMAD ABDURRAHMAN FAKHRUL WUJUD', 'L', 'Jl. Cipinang Muara 20', '087782153055', 'Siswa', 'Default.png'),
('4562', 'MUHAMMAD AZRIEL ARDIANSYAH', 'L', 'Jl. Cipinang Muara 43', '081818897294', 'Siswa', 'Default.png'),
('4563', 'MUHAMMAD BAYU NUR FADHILA', 'L', 'Jl. Cipinang Muara 21', '087782153056', 'Siswa', 'Default.png'),
('4564', 'MUHAMMAD YASIN RAMADHAN', 'L', 'Jl. Cipinang Muara 50', '081818897301', 'Siswa', 'Default.png'),
('4565', 'MUHAMMAD ICHSAN', 'L', 'Jl. Cipinang Muara 46', '081818897297', 'Siswa', 'Default.png'),
('4567', 'MUHAMMAD RISKY SAPUTRA', 'L', 'Jl. Cipinang Muara 26', '087782153061', 'Siswa', 'Default.png'),
('4568', 'MUHAMMAD BINTANG', 'L', 'Jl. Kudin 3', '081818897343', 'Siswa', 'Default.png'),
('4569', 'NAILA ZAHRAH SABITA', 'P', 'Jl. Kebon Nanas 4', '081310005367', 'Siswa', 'Default.png'),
('4570', 'NAUFAL RAFID AMANULLOH', 'L', 'Jl. Kudin 6', '081818897346', 'Siswa', 'Default.png'),
('4571', 'NAZLA ZIANA FAIRUZA', 'P', 'Jl. Cipinang Timur 3', '081818897304', 'Siswa', 'Default.png'),
('4572', 'NAZWA NUR AURA', 'P', 'Jl. Nugraha 1', '081818897347', 'Siswa', 'Default.png'),
('4573', 'NENDY AKMAL FAUZAN', 'L', 'Jl. Cipinang Jaya 3', '085885537849', 'Siswa', 'Default.png'),
('4574', 'PUTRI APRILLA TITIS ANGGRAINI', 'P', 'Jl. Nugraha 3', '081818897349', 'Siswa', 'Default.png'),
('4575', 'RADHITIYA DWI ANDIKA', 'L', 'Jl. Nugraha 5', '081818897351', 'Siswa', 'Default.png'),
('4576', 'RADITYA RAYA', 'L', 'Jl. Cipinang Muara 31', '089663092752', 'Siswa', 'Default.png'),
('4577', 'RAKHA ADINTIA RAZZAQ', 'L', 'Jl. Nugraha 6', '081818897352', 'Siswa', 'Default.png'),
('4578', 'RAYYAN BAGJA SETIO', 'L', 'Jl. Cipinang Jaya 5', '085885537851', 'Siswa', 'Default.png'),
('4579', 'REGINA NAJMA', 'P', 'Jl. Cipinang Jaya 6', '085885537852', 'Siswa', 'Default.png'),
('4581', 'RIZKA PUJI JULIYANTI', 'P', 'Jl. Nugroho 1', '081818897353', 'Siswa', 'Default.png'),
('4582', 'SHALENDRA DIDEA', 'L', 'Jl. Cipinang Timur 12', '081818897313', 'Siswa', 'Default.png'),
('4583', 'TAMARA MELODIANOV', 'P', 'Jl. Cipinang Jaya 8', '085885537854', 'Siswa', 'Default.png'),
('4584', 'DHAFA SULISTYO', 'L', 'Jl. Majala 5', '089697288843', 'Siswa', 'Default.png'),
('4585', 'AISYAH AUREL STEFIANITA', 'P', 'Jl. Elang 3', '081818897325', 'Siswa', 'Default.png'),
('4586', 'AQIL MUHAMMAD SYAIF', 'L', 'Jl. Majala 1', '089533435690', 'Siswa', 'Default.png'),
('4587', 'DESVIA ZAHRA ARISANDI', 'P', 'Jl. Majala 3', '089533435692', 'Siswa', 'Default.png'),
('4588', 'ADINDA PUTRI MARWAH', 'P', 'Jl. Cipinang Muara 2', '081314628379', 'Siswa', 'Default.png'),
('4589', 'DICKY SUWARDIYAN', 'L', 'Jl. Cipinang Muara 7', '081289309851', 'Siswa', 'Default.png'),
('4590', 'PAHLEVI ARIF SAPUTRA', 'L', 'Jl. Cipinang Muara 29', '089663092750', 'Siswa', 'Default.png'),
('4591', 'FANNY DEWANTI ', 'P', 'Jl. Mars 1', '081818897334', 'Siswa', 'Default.png'),
('4592', 'FAREL ACHMAD PRASETYA', 'L', 'Jl. Cipinang Muara 8', '087782153043', 'Siswa', 'Default.png'),
('4593', 'FARIDA ALKAISYAH', 'P', 'Jl. Cipinang Muara 9', '087782153044', 'Siswa', 'Default.png'),
('4594', 'FARREL MERVYN AUGUST', 'L', 'Jl. Cipinang Muara 10', '087782153045', 'Siswa', 'Default.png'),
('4595', 'FAZRAN MAULANA SAPUTRA', 'L', 'Jl. Mars 2', '081818897335', 'Siswa', 'Default.png'),
('4596', 'FITRIA NIRMALA', 'P', 'Jl. Griawatan 3', '089697288843', 'Siswa', 'Default.png'),
('4597', 'HADZIQ AFIQ LESTALUHU', 'L', 'Jl. Mars 3', '081818897336', 'Siswa', 'Default.png'),
('4598', 'LUTHFIYAH AZAHRA DWI PUTRI', 'P', 'Jl. Cipinang Muara 19', '087782153054', 'Siswa', 'Default.png'),
('4601', 'MUHAMAD FAJAR RIDWAN', 'L', 'Jl. Cipinang Muara 40', '081213349057', 'Siswa', 'Default.png'),
('4604', 'MUHAMMAD FATIH MAULANA ', 'L', 'Jl. Griawatan 8', '081214859035', 'Siswa', 'Default.png'),
('4605', 'MUHAMMAD SYAOGI ALVIANSYAH', 'L', 'Jl. Kebon Nanas 2', '081310005365', 'Siswa', 'Default.png'),
('4608', 'NADIA OKTAVIANI', 'P', 'Jl. Kebon Nanas 3', '081310005366', 'Siswa', 'Default.png'),
('4609', 'NELDA ARFA HIDAYAH', 'P', 'Jl. Cipinang Timur 4', '081818897305', 'Siswa', 'Default.png'),
('4610', 'NOVALDI RAYANANDRA PRAMONO', 'L', 'Jl. Cipinang Timur 5', '081818897306', 'Siswa', 'Default.png'),
('4611', 'NURFILDZAH AMALINA', 'P', 'Jl. Cipinang Timur 6', '081818897307', 'Siswa', 'Default.png'),
('4613', 'RASYA SYAWAL GHIFARI', 'L', 'Jl. Cipinang Timur 7', '081818897308', 'Siswa', 'Default.png'),
('4614', 'SHEVA FATHIR MUHAMMAD', 'P', 'Jl. Cipinang Muara 34', '089663092755', 'Siswa', 'Default.png'),
('4616', 'VENA NUROSYIFA', 'P', 'Jl. Bambu Duri 5', '081818897319', 'Siswa', 'Default.png'),
('4617', 'VIKY RIANSYAH', 'L', 'Jl. Cipinang Elok 2', '085885537855', 'Siswa', 'Default.png'),
('4619', 'ZAHRAN ADITYA WARDANA', 'L', 'Jl. Cipinang Elok 3', '081314628375', 'Siswa', 'Default.png'),
('4622', 'M. ZHINDAN ABDULLAH', 'L', 'Jl. Griawatan 7', '081214859034', 'Siswa', 'Default.png'),
('4624', 'MUHAMMAD RIZKI SAPUTRA', 'L', 'Jl. Cipinang Muara 48', '081818897299', 'Siswa', 'Default.png'),
('4629', 'M. FATHAN AUFAR', 'L', 'Jl. Mars 5', '081818897338', 'Siswa', 'Default.png'),
('4631', 'MUHAMMAD EEP SYAIFULLOH', 'L', 'Jl. Cipinang Muara 44', '081818897295', 'Siswa', 'Default.png'),
('4632', 'MUHAMMAD YASIN', 'L', 'Jl. Kudin 4', '081818897344', 'Siswa', 'Default.png'),
('4634', 'JUNI IRAWAN', 'L', 'Jl. Cipinang Muara 37', '081213349054', 'Siswa', 'Default.png'),
('4635', 'ARDI AHMAD RIZQON', 'L', 'Jl. Cipinang Muara 5', '081289309849', 'Siswa', 'Default.png'),
('4636', 'MUHAMMAD EMILIANO GOESTAVO', 'L', 'Jl. Cipinang Muara 45', '081818897296', 'Siswa', 'Default.png'),
('4638', 'AUREL GUSTIYARANI', 'P', 'Jl. Batu Kinyang 5', '089892424567', 'Siswa', 'Default.png'),
('4639', 'MOCHAMMAD FADZRY RIZKIAN', 'L', 'Jl. Al Fida 1', '089681127806', 'Siswa', 'Default.png'),
('4640', 'ALIF SAPUTRA', 'L', 'Jl. Kodim 21', '089534819056', 'Siswa', 'Default.png'),
('4641', 'KYRA SANMILDEN', 'P', 'Jl. Halilintar 9', '089681127804', 'Siswa', 'Default.png'),
('4642', 'RABBIL ATMA WIJAYA', 'L', 'Jl. Batu Ampar 9', '081542029034', 'Siswa', 'Default.png'),
('4643', 'ERLANGGA KURNIAWAN', 'L', 'Jl. Olahraga 8', '085695008375', 'Siswa', 'Default.png'),
('4644', 'LALU HAWAELUL AZMI', 'L', 'Jl. Kekeran 7', '08571300403', 'Siswa', 'Default.png'),
('4645', 'AHMAD KHALID ASHARI', 'L', 'Jl. Batu Kinyang 2', '082135009090', 'Siswa', 'Default.png'),
('4646', 'MUHAMMAD RIDWAN', 'L', 'Jl. Suhadi 7', '081293398656', 'Siswa', 'Default.png'),
('4647', 'RAFI IBNU RADITYA', 'L', 'Jl. Topan 3', '089871540596', 'Siswa', 'Default.png'),
('4648', 'MUHAMMAD VALEVI', 'L', 'Jl. Madukara 2', '081583698599', 'Siswa', 'Default.png'),
('4649', 'MUHAMMAD RAFLI SAPUTRA', 'L', 'Jl. Bayu', '083877765594', 'Siswa', 'Default.png'),
('4650', 'BRAMADSYAH VIERYANESTA', 'L', 'Jl. Olahraga 5', '081648918997', 'Siswa', 'Default.png'),
('4651', 'ANDIKA NUR HIDAYAT', 'L', 'Jl. Olahraga 3', '081648918995', 'Siswa', 'Default.png'),
('4653', 'VIOLA', 'P', 'Jl. Topan 9', '081314629010', 'Siswa', 'Default.png'),
('4654', 'FARID FATHIN ATTAILLAH', 'L', 'Jl. Mandala 8', '082258119845', 'Siswa', 'Default.png'),
('4655', 'TANISHA FIRYAL HASTI', 'P', 'Jl. Kesadaran 2', '082123328396', 'Siswa', 'Default.png'),
('4656', 'NABILA HASAN', 'P', 'Jl. Madukara 3', '081583698600', 'Siswa', 'Default.png'),
('4659', 'MUHAMMAD ADJI BAYU REKSO SAPTA BUANA ZABAULLAH', 'L', 'Jl. Mandala 15', '081389503831', 'Siswa', 'Default.png'),
('4662', 'NATASYA FAHIRA', 'P', 'Jl. Candra', '083877765596', 'Siswa', 'Default.png'),
('4663', 'PUTRI SITI KHODIJAH', 'P', 'Jl. Gintoro 4', '081293398660', 'Siswa', 'Default.png'),
('4664', 'MUHAMAD REZA FALEFI', 'L', 'Jl. Mandala 14', '081389503830', 'Siswa', 'Default.png'),
('4665', 'GALIH SILATURAHIM', 'L', 'Jl. Olahraga 12', '085695008379', 'Siswa', 'Default.png'),
('4666', 'MUTIYA RISKA RAHMAWATI', 'P', 'Jl. Afida ', '083877765595', 'Siswa', 'Default.png'),
('4667', 'SITI ROBIATUL ADAWIYAH', 'P', 'Jl. Gintoro 7', '082123328393', 'Siswa', 'Default.png'),
('4668', 'RAYHAN KHAIRUL ANWAR', 'L', 'Jl. Manuhua 14', '083877765601', 'Siswa', 'Default.png'),
('4669', 'SYELA EVALIN LOPULISA', 'P', 'Jl. Gintoro 8', '082123328394', 'Siswa', 'Default.png'),
('4670', 'SULTAN HENRANO', 'L', 'Jl. Batu Ampar 14', '081542029039', 'Siswa', 'Default.png'),
('4672', 'ABIB CHOIRUL IKHSAN', 'L', 'Jl. Batu Ampar 16', '082135009088', 'Siswa', 'Default.png'),
('4673', 'NASYA CHAYA ARIFAH', 'P', 'Jl. Suhadi 8', '081293398657', 'Siswa', 'Default.png'),
('4674', 'FRYZA FARRELY ERYANTO', 'L', 'Jl. Halilintar 7', '089681127802', 'Siswa', 'Default.png'),
('4676', 'MUHAMMAD RHEIHAN APRIANSYAH', 'L', 'Jl. Inerbang 8', '081583698598', 'Siswa', 'Default.png'),
('4677', 'RIO RAIHAN MAULANA', 'L', 'Jl. Batu Ampar 10', '081542029035', 'Siswa', 'Default.png'),
('4679', 'NAYSILLA PUTRI CANTIKA', 'P', 'Jl. Gintoro 3', '081293398659', 'Siswa', 'Default.png'),
('4680', 'MUHAMMAD ABIZAR GIFARI', 'L', 'Jl. Al Fida 4', '081192103406', 'Siswa', 'Default.png'),
('4681', 'REVANZA ASSARY ZAHRAN', 'L', 'Jl. Gintoro 5', '081293398661', 'Siswa', 'Default.png'),
('4682', 'DENI PRATAMA PUTRA', 'L', 'Jl. Mandala 6', '082217710980', 'Siswa', 'Default.png'),
('4683', 'MUHAMMAD FAQIH UMAR', 'L', 'Jl. Inerbang 5', '081583698595', 'Siswa', 'Default.png'),
('4684', 'FINA NAILATUL IZZAH', 'P', 'Jl. Kayatun 8', '081314629016', 'Siswa', 'Default.png'),
('4685', 'KAFKA SHEVA ZHAFRANAUVAL', 'L', 'Jl. Mandala 12', '081389503828', 'Siswa', 'Default.png'),
('4686', 'ALYA ARIFIN KRISDIANA', 'P', 'Jl. Kodim 23', '082217710977', 'Siswa', 'Default.png'),
('4687', 'DZAKY PRATAMA HAFFIYANTO', 'L', 'Jl. Halilintar 4', '085512178908', 'Siswa', 'Default.png'),
('4688', 'JUVIDAN ILHAM', 'L', 'Jl. Kekeran 6', '08571300402', 'Siswa', 'Default.png'),
('4689', 'REZA APRILANDRA MUGIONO', 'L', 'Jl. Gintoro 6', '081293398662', 'Siswa', 'Default.png'),
('4690', 'MOCHAMAD IRDAM NOER', 'L', 'Jl. Inerbang 1', '081311508706', 'Siswa', 'Default.png'),
('4691', 'SYELINA ELEN LOPULISA', 'P', 'Jl. Kesadaran 1', '082123328395', 'Siswa', 'Default.png'),
('4692', 'FABIO VALEN RAMADHAN', 'L', 'Jl. Olahraga 9', '085695008376', 'Siswa', 'Default.png'),
('4693', 'NILDZA SERAFINA', 'P', 'Jl. Manuhua 12', '083877765599', 'Siswa', 'Default.png'),
('4694', 'AZHYRA KAYCILLA FAHNIS', 'P', 'Jl. Olahraga 4', '081648918996', 'Siswa', 'Default.png'),
('4696', 'CHANDRA WAHYU RAMADHAN', 'L', 'Jl. Kayatun 7', '081314629015', 'Siswa', 'Default.png'),
('4697', 'ERTIKTA AULIAJAYA HADINGRAT', 'L', 'Jl. Mandala 7', '082258119844', 'Siswa', 'Default.png'),
('4698', 'MUHAMMAD RIZKI', 'L', 'Jl. Batu Ampar 7', '081225753483', 'Siswa', 'Default.png'),
('4699', 'ZEALSTERIEXS BRAVEO HARSANDI', 'L', 'Jl. Tipala 7', '085156189236', 'Siswa', 'Default.png'),
('4700', 'MUHAMMAD RAIHAN AL FAHREZI', 'L', 'Jl. Inerbang 7', '081583698597', 'Siswa', 'Default.png'),
('4701', 'GIAN BAHTIAR', 'L', 'Jl. Batu Sari 6', '089892424573', 'Siswa', 'Default.png'),
('4702', 'MUHAMMAD FAISAL', 'L', 'Jl. Inerbang 4', '081583698594', 'Siswa', 'Default.png'),
('4704', 'ALVIANSYAH', 'L', 'Jl. Kodim 22', '089534819057', 'Siswa', 'Default.png'),
('4706', 'AHMAD JULIANSYAH', 'L', 'Jl. Batu Ampar 17', '082135009089', 'Siswa', 'Default.png'),
('4707', 'ASSYIFA CLAUDIA HADI SAPUTRI', 'P', 'Jl. Kayatun 6', '081314629014', 'Siswa', 'Default.png'),
('4708', 'MUHAMMAD AL - GHOZI ANSHORULLOH', 'L', 'Jl. Udayana', '083877765589', 'Siswa', 'Default.png'),
('4709', 'RIMA PRIHARTI', 'P', 'Jl. Pati 7', '083877765603', 'Siswa', 'Default.png'),
('4710', 'BIMA DWI DHARMA', 'L', 'Jl. Batu Kinyang 6', '089892424568', 'Siswa', 'Default.png'),
('4711', 'NAYLA NAFIRDA', 'P', 'Jl. Batu Ampar 8', '081225753484', 'Siswa', 'Default.png'),
('4712', 'RAHMA NABILA PUTRI', 'P', 'Jl. Topan 4', '089871540597', 'Siswa', 'Default.png'),
('4713', 'ILHAM MUHAMMAD AKIB', 'L', 'Jl. Batu Sari 7', '081311508703', 'Siswa', 'Default.png'),
('4714', 'SEPTI LESTARI', 'P', 'Jl. Madukara 8', '081803526896', 'Siswa', 'Default.png'),
('4715', 'MUHAMAD SEPTIAN ', 'L', 'Jl. Al Fida 3', '081192103405', 'Siswa', 'Default.png'),
('4716', 'ADAM SYAHRIL', 'L', 'Jl. Kodim 20', '089534819055', 'Siswa', 'Default.png'),
('4717', 'RASIKHAH MAYKHA HIDAYAT', 'P', 'Jl. Manuhua 13', '083877765600', 'Siswa', 'Default.png'),
('4718', 'SELVI AULIA PUTRI', 'P', 'Jl. Pati 9', '083877765605', 'Siswa', 'Default.png'),
('4719', 'MUHAMMAD DAFFAILLAH', 'L', 'Jl Duku No 31', '083877765591', 'Siswa', 'Default.png'),
('4720', 'HAZRIEL MOHAMAD GHANIYA IZZADIN', 'L', 'Jl. Kayatun 9', '081314629017', 'Siswa', 'Default.png'),
('4722', 'MUHAMMAD FAISHAL JAUHAR RAHMAN', 'L', 'Jl Duku No 32', '083877765592', 'Siswa', 'Default.png'),
('4723', 'JIHAN KHAERUNISA FADILAH', 'P', 'Jl. Kekeran 5', '08571300401', 'Siswa', 'Default.png'),
('4724', 'RIZKY FEBRIANSYAH', 'L', 'Jl. Batu Ampar 11', '081542029036', 'Siswa', 'Default.png'),
('4725', 'YOGIE YUSTISIO', 'L', 'Jl. Batu Ampar 15', '082135009087', 'Siswa', 'Default.png'),
('4726', 'AULIA LUSIANA AMANDA', 'P', 'Jl. Batu Kinyang 4', '082135009092', 'Siswa', 'Default.png'),
('4728', 'TASYA FITRI OKTA SAPUTRI', 'P', 'Jl. Tipala 2', '081803526897', 'Siswa', 'Default.png'),
('4729', 'AZIZAH JAYA NINGRUM', 'P', 'Jl. Angkasa 4', '085512178904', 'Siswa', 'Default.png'),
('4730', 'MUHAMMAD RAMDANI', 'L', 'Jl. Suhadi 6', '081293398655', 'Siswa', 'Default.png'),
('4731', 'VAHREZA ABDI FATTUR', 'L', 'Jl. Tipala 4', '081803526899', 'Siswa', 'Default.png'),
('4732', 'ARVIN SATRIO INDRAJAYA', 'L', 'Jl. Kayatun 5', '081314629013', 'Siswa', 'Default.png'),
('4733', 'NAZZUN HABIBAH', 'P', 'Jl. Manuhua 11', '083877765598', 'Siswa', 'Default.png'),
('4734', 'ATHARIQ EVANDRA BAKTI', 'L', 'Jl. Mandala 5', '082217710979', 'Siswa', 'Default.png'),
('4735', 'FIQRI ALIF SYAHBANA', 'L', 'Jl. Batu Sari 5', '089892424572', 'Siswa', 'Default.png'),
('4736', 'MARSYAH FIKARI YANTI', 'P', 'Jl. Mandala 13', '081389503829', 'Siswa', 'Default.png'),
('4737', 'KAILA ASMARANI WIJAYA', 'P', 'Jl. Suhadi 2', '081314629019', 'Siswa', 'Default.png'),
('4739', 'ALVIN APRILIANTO TRI PUTRA', 'L', 'Jl. Angkasa 2', '085156189239', 'Siswa', 'Default.png'),
('4740', 'ANDHIKA AHMAD RIZKY', 'L', 'Jl. Angkasa 3', '085156189240', 'Siswa', 'Default.png'),
('4741', 'ALFITO VALENTINO WIJAYA', 'L', 'Jl. Olahraga 2', '081648918994', 'Siswa', 'Default.png'),
('4742', 'ZAHRA SALSABILAH', 'P', 'Jl. Tipala 6', '085156189235', 'Siswa', 'Default.png'),
('4743', 'FITRA DWI PRAYOGA', 'L', 'Jl. Olahraga 11', '085695008378', 'Siswa', 'Default.png'),
('4744', 'TYARA SYFA RAMADANI', 'P', 'Jl. Tipala 3', '081803526898', 'Siswa', 'Default.png'),
('4745', 'NAUFAL BAIHAQI', 'L', 'Jl. Gemini', '083877765597', 'Siswa', 'Default.png'),
('4746', 'PUTRA RIZKY IRNANTO', 'L', 'Jl. Madukara 5', '081803526893', 'Siswa', 'Default.png'),
('4747', 'DESTI RASYA ACHMAD', 'P', 'Jl. Olahraga 6', '085695008373', 'Siswa', 'Default.png'),
('4748', 'SUCI ALYA', 'P', 'Jl. Batu Ampar 13', '081542029038', 'Siswa', 'Default.png'),
('4749', 'JASMINE FITRIA', 'P', 'Jl. Mandala 11', '082258119848', 'Siswa', 'Default.png'),
('4750', 'MUHAMMAD MAULANA', 'L', 'Jl. Batu Ampar 5', '081225753481', 'Siswa', 'Default.png'),
('4751', 'DEWI ARIANI', 'P', 'Jl. Angkasa 6', '085512178906', 'Siswa', 'Default.png'),
('4752', 'DHEA WINDA SARI', 'P', 'Jl. Batu Kinyang 7', '089892424569', 'Siswa', 'Default.png'),
('4753', 'FATUR RAHMAN', 'L', 'Jl. Mandala 9', '082258119846', 'Siswa', 'Default.png'),
('4754', 'HAIKAL RIZKI RAMADHAN', 'L', 'Jl. Kekeran 3', '085695008380', 'Siswa', 'Default.png'),
('4755', 'MUHAMMAD RAHILHAN KURNIA RAMADHAN', 'L', 'Jl. Batu Ampar 6', '081225753482', 'Siswa', 'Default.png'),
('4759', 'MASELINO DARMAWAN', 'L', 'Jl. Kekeran 8', '08571300404', 'Siswa', 'Default.png'),
('4760', 'SALSABILLAH RAIHANUN', 'P', 'Jl. Topan 8', '081314629009', 'Siswa', 'Default.png'),
('4761', 'KHALIK HIDAYAT', 'L', 'Jl. Batu Sari 9', '081311508705', 'Siswa', 'Default.png'),
('4762', 'MUHAMMAD FIKRI', 'L', 'Jl Duku No 33', '083877765593', 'Siswa', 'Default.png'),
('4763', 'MUHAMMAD RENDY AKBAR', 'L', 'Jl. Al Fida 7', '081192103409', 'Siswa', 'Default.png'),
('4764', 'INDAH PERMATASARI', 'P', 'Jl. Kekeran 4', '08571300400', 'Siswa', 'Default.png'),
('4765', 'BAGUS ADITYA GUNAWAN', 'L', 'Jl. Angkasa 5', '085512178905', 'Siswa', 'Default.png'),
('4766', 'FARIS AL ISNAEN', 'L', 'Jl. Batu Kinyang 9', '089892424571', 'Siswa', 'Default.png'),
('4767', 'JOAN ANANDA', 'L', 'Jl. Batu Sari 8', '081311508704', 'Siswa', 'Default.png'),
('4768', 'MUHAMMAD AREL IBRAHIM', 'L', 'Jl Duku No 30', '083877765590', 'Siswa', 'Default.png'),
('4769', 'NAZWA KUSUMA DEWI', 'P', 'Jl. Al Fida 9', '081192103411', 'Siswa', 'Default.png'),
('4770', 'MUHAMMAD FIKRI HANIEF', 'L', 'Jl. Inerbang 6', '081583698596', 'Siswa', 'Default.png'),
('4771', 'DWI RIYANTO SAPUTRA', 'L', 'Jl. Olahraga 7', '085695008374', 'Siswa', 'Default.png'),
('4772', 'MUHAMAD REZA', 'L', 'Jl. Inerbang 3', '081583698593', 'Siswa', 'Default.png'),
('4773', 'DWI YUDHA PRASETIYO', 'L', 'Jl. Halilintar 3', '085512178907', 'Siswa', 'Default.png'),
('4774', 'NUR CAHYO', 'L', 'Jl. Al Fida 10', '089871540594', 'Siswa', 'Default.png'),
('4775', 'RONY TRI WAHYUDI', 'L', 'Jl. Madukara 7', '081803526895', 'Siswa', 'Default.png'),
('4776', 'ANDHIKA PUTRA TRIYANSYAH', 'L', 'Jl. Kayatun 4', '081314629012', 'Siswa', 'Default.png'),
('4777', 'MUHAMMAD MAULADI', 'L', 'Jl. Al Fida 6', '081192103408', 'Siswa', 'Default.png'),
('4778', 'MUHAMMAD FADLI HARISTSENO', 'L', 'Jl. Kekeran 13', '081225753480', 'Siswa', 'Default.png'),
('4779', 'ZAHRAH PUTRI AGUSTIA', 'P', 'Jl. Kayatun 3', '081314629011', 'Siswa', 'Default.png'),
('4780', 'ALDI NUGRAHA', 'L', 'Jl. Angkasa 1', '085156189238', 'Siswa', 'Default.png'),
('4781', 'MUHAMAD FAHRI RABBANI', 'L', 'Jl. Inerbang 2', '081311508707', 'Siswa', 'Default.png'),
('4782', 'IRENA ZAQUELA GADIZA', 'P', 'Jl. Kayatun 10', '081314629018', 'Siswa', 'Default.png'),
('4783', 'FAREL FHASYA FADILLAH', 'L', 'Jl. Halilintar 6', '089681127801', 'Siswa', 'Default.png'),
('4784', 'ANDHIKA APRILLILAH', 'L', 'Jl. Kodim 24', '082217710978', 'Siswa', 'Default.png'),
('4785', 'MUHAMAD SYAREN FAJAR ALAM', 'L', 'Jl. Suhadi 4', '081314629021', 'Siswa', 'Default.png'),
('4786', 'ZAHRA SAFITRI', 'P', 'Jl. Tipala 5', '085156189234', 'Siswa', 'Default.png'),
('4787', 'ERICK SAPUTRA', 'L', 'Jl. Batu Kinyang 8', '089892424570', 'Siswa', 'Default.png'),
('4788', 'VANNESA FLORENCIA ORYA PAAT', 'P', 'Jl. Kesadaran 4', '085777777655', 'Siswa', 'Default.png'),
('4789', 'FEBIOLA', 'P', 'Jl. Olahraga 10', '085695008377', 'Siswa', 'Default.png'),
('4790', 'RIAN ADITYA PRASETYO', 'L', 'Jl. Topan 6', '089871540599', 'Siswa', 'Default.png'),
('4791', 'ULIL SYAKIRIN', 'L', 'Jl. Pati 10', '083877765606', 'Siswa', 'Default.png'),
('4792', 'SABRINA AL SAKENAH', 'P', 'Jl. Batu Ampar 12', '081542029037', 'Siswa', 'Default.png'),
('4793', 'MUHAMMAD ALFARIZHI SAPUTRA', 'L', 'Jl. Kekeran 11', '081225753478', 'Siswa', 'Default.png'),
('4794', 'AHMAD SYAHRIL', 'L', 'Jl. Lembur', '085156189237', 'Siswa', 'Default.png'),
('4795', 'KAFKA AUFA SYAHIDANJIDDAN', 'L', 'Jl. Halilintar 8', '089681127803', 'Siswa', 'Default.png'),
('4796', 'SALWA MAULIDIA', 'P', 'Jl. Pati 8', '083877765604', 'Siswa', 'Default.png'),
('4797', 'AISYAH ALIFIA WAHDA', 'P', 'Jl. Batu Kinyang 3', '082135009091', 'Siswa', 'Default.png'),
('4798', 'RIEZKY PUTRA ZAINE', 'L', 'Jl. Al amin', '083877765602', 'Siswa', 'Default.png'),
('4799', 'FHATIR AKHMAD', 'L', 'Jl. Mandala 10', '082258119847', 'Siswa', 'Default.png'),
('4800', 'ALFIA SALSABILA', 'P', 'Jl. Olahraga 1', '081648918993', 'Siswa', 'Default.png'),
('4801', 'LAELA MUKAROMAH', 'P', 'Jl. Halilintar 10', '089681127805', 'Siswa', 'Default.png'),
('4802', 'RIDHO TRI HARYONO', 'L', 'Jl. Madukara 6', '081803526894', 'Siswa', 'Default.png'),
('4803', 'MUHAMMAD BAIHAKI RAMADHAN', 'L', 'Jl. Kekeran 12', '081225753479', 'Siswa', 'Default.png'),
('4804', 'ERWINSYAH RAMADHAN', 'L', 'Jl. Halilintar 5', '089681127800', 'Siswa', 'Default.png'),
('4805', 'RAIHAN MUHAMMAD AKBAR', 'L', 'Jl. Topan 5', '089871540598', 'Siswa', 'Default.png'),
('4806', 'NAYLA CAHAYA PUTRI', 'P', 'Jl. Gintoro 2', '081293398658', 'Siswa', 'Default.png'),
('4807', 'MOHAMAD FAHRI', 'L', 'Jl. Kekeran 10', '08571300406', 'Siswa', 'Default.png'),
('4808', 'RAEFAN RIZKY YUSWARDI', 'L', 'Jl. Topan 2', '089871540595', 'Siswa', 'Default.png'),
('4810', 'MUHAMMAD REVAN MAULANA', 'L', 'Jl. Al Fida 8', '081192103410', 'Siswa', 'Default.png'),
('4811', 'RYGIANSYA MAULANA', 'L', 'Jl. Topan 7', '089871540600', 'Siswa', 'Default.png'),
('4813', 'MOHAMAD RAYA ALFARIZI', 'L', 'Jl. Al Fida 2', '089681127807', 'Siswa', 'Default.png'),
('4815', 'AISYAH NURWIYANTI PRASETYO', 'P', 'Jl. Mawar 3', '085777777658', 'Siswa', 'Default.png'),
('4816', 'GHERATS ONESIOS', 'L', 'Jl. Cipinang Muara 11', '087782153046', 'Siswa', 'Default.png'),
('4818', 'REIHAN MEIZEN ZAKI', 'L', 'Jl. Cipinang Timur 8', '081818897309', 'Siswa', 'Default.png'),
('4819', 'SANIA AZAHRA', 'P', 'Jl. Cipinang Timur 11', '081818897312', 'Siswa', 'Default.png'),
('4821', 'MUHAMMAD FACHRUDIN HARIANSYAH', 'L', 'Jl. Al Fida 5', '081192103407', 'Siswa', 'Default.png'),
('4823', 'SITI AISYAH', 'P', 'Jl. Bambu Duri 2', '081818897316', 'Siswa', 'Default.png'),
('4825', 'HIMALAYA RISQI BERLIANDIN', 'P', 'Jl. Griawatan 4', '089697288843', 'Siswa', 'Default.png'),
('4826', 'RYU KHALFANI HIDAYAT', 'L', 'Jl. Kali Baru 2', '081818897356', 'Siswa', 'Default.png'),
('4827', 'MIRNA MIHARJA', 'P', 'Jl. Suhadi 3', '081314629020', 'Siswa', 'Default.png'),
('4828', 'JEHOSAFAT BUTAR BUTAR', 'L', 'Jl. Griawatan 6', '081214859033', 'Siswa', 'Default.png'),
('4829', 'TEGUH FEBRIAN SYAHENDRA', 'L', 'Jl. Kesadaran 3', '085777777654', 'Siswa', 'Default.png'),
('4830', 'SESILIA CACHYATI', 'P', 'Jl. Otista 2', '021578345811', 'Siswa', 'Default.png'),
('4831', 'ARSHA BUNGA PARERI', 'P', 'Jl. Manunggal 6', '082258781003', 'Siswa', 'Default.png'),
('4832', 'INTAN CAHYA ANDANI', 'P', 'Jl. Randu 6', '082258781009', 'Siswa', 'Default.png'),
('4833', 'JAUZI AHMAD FAYIZ', 'L', 'Jl. Condet Raya 12', '088834738540', 'Siswa', 'Default.png'),
('4834', 'AFIAH NUR AZIZAH', 'P', 'Jl. Cipinang Raya 4', '089947384328', 'Siswa', 'Default.png'),
('4836', 'ZUL TANZIL KHAIRIL', 'L', 'Jl. Otista 6', '083807686545', 'Siswa', 'Default.png'),
('4837', 'SHERIN AULIA RENATA', 'P', 'Jl. Otista 3', '02157834582', 'Siswa', 'Default.png'),
('4838', 'SALMA ANJANI DARMAWAN', 'P', 'Jl. Wedana IV', '02157834580', 'Siswa', 'Default.png'),
('4839', 'BARKAH ATIYAH', 'P', 'Jl. Cipinang Kebembem 5', '089947384330', 'Siswa', 'Default.png'),
('4840', 'SYASYA PUTRI YANANDI', 'P', 'Jl. Otista 5', '02157834584', 'Siswa', 'Default.png'),
('4841', 'MUHAMMAD FARIZ AKBAR', 'L', 'Jl. Pedati Raya 3', '02157834574', 'Siswa', 'Default.png'),
('4842', 'MUHAMMAD ARDIMAS PRAKOSO', 'L', 'Jl. Condet Raya 15', '088834738543', 'Siswa', 'Default.png'),
('4843', 'BUNGA KAYLA SALMA SAPTO', 'P', 'Jl. Randu 3', '082258781006', 'Siswa', 'Default.png'),
('4844', 'NAJWA AYUMI DELLA CANGKA', 'P', 'Jl. Pedati Raya 5', '02157834576', 'Siswa', 'Default.png'),
('4845', 'NOVITA AZANI AZRI', 'P', 'Jl. Pedati Raya 6', '02157834577', 'Siswa', 'Default.png'),
('4846', 'FAUZAN ADEPATI RANGGA', 'L', 'Jl. Pisangan lama Timur 5', '088834738536', 'Siswa', 'Default.png'),
('4847', 'ADELIYA SETIAWAN', 'P', 'Jl. Cipinang Raya 3', '089947384327', 'Siswa', 'Default.png'),
('4848', 'SOCA KHAIRUNNISA', 'P', 'Jl. Otista 4', '02157834583', 'Siswa', 'Default.png'),
('4849', 'RATU INTAN LARASATI', 'P', 'Jl. Pedati Raya 7', '02157834578', 'Siswa', 'Default.png'),
('4850', 'MUHAMMAD FAREL ARDAN', 'L', 'Jl. Pedati Raya 2', '02157834573', 'Siswa', 'Default.png'),
('4851', 'NABILA CHAIRANI', 'P', 'Jl. Simpang Raya 7', '085687678573', 'Siswa', 'Default.png'),
('4852', 'FACHRIAH ALYA', 'P', 'Jl. Pisangan lama Timur 3', '088834738534', 'Siswa', 'Default.png'),
('4853', 'FAJRIA HIDAYATI', 'P', 'Jl. Pisangan lama Timur 4', '088834738535', 'Siswa', 'Default.png'),
('4854', 'DHEA CHELSEA AFRILLIA', 'P', 'Jl. Pisangan lama Timur 1', '088834738532', 'Siswa', 'Default.png'),
('4855', 'KARINA NURMAHANI', 'P', 'Jl. Randu 7', '082258781010', 'Siswa', 'Default.png'),
('4856', 'ATHAYA AURYN DESTIANY', 'P', 'Jl. Randu 1', '082258781004', 'Siswa', 'Default.png'),
('4857', 'ANDINI NOVIA PUTRI', 'P', 'Jl. Manunggal 4', '082258781001', 'Siswa', 'Default.png'),
('4858', 'NADIEN AZ ZAHRA SAMRI PUTRI', 'P', 'Jl. Pedati Raya 4', '02157834575', 'Siswa', 'Default.png'),
('4859', 'ADAM RAMADHAN', 'L', 'Jl. Cipinang Raya 2', '089947384326', 'Siswa', 'Default.png'),
('4860', 'RAYNA ANINDYA PUTRI', 'P', 'Jl. Wedana IV', '02157834579', 'Siswa', 'Default.png'),
('4861', 'CITAMA RIZKY PRADANA', 'L', 'Jl. Cipinang Besar Selatan', '089947384332', 'Siswa', 'Default.png'),
('4862', 'KAYLA PUTRI ARIYANTI', 'P', 'Jl. Condet Raya 13', '088834738541', 'Siswa', 'Default.png'),
('4863', 'ABDUL AZIZ LUTHFI', 'L', 'Jl. Cipinang Raya 1', '089947384325', 'Siswa', 'Default.png'),
('4864', 'CARLA FELICIA GUNAWAN', 'P', 'Jl. Mangga 6', '085774565448', 'Siswa', 'Default.png'),
('4865', 'SITI FATIMAH', 'P', 'Jl. Nuri', '082258780995', 'Siswa', 'Default.png'),
('4866', 'NENG PUJI HASTUTI', 'P', 'Jl. Wangko ', '083807686566', 'Siswa', 'Default.png'),
('4867', 'JIHAN ALFIYAH SYAHRI', 'P', 'Jl. Jambu', '083807686556', 'Siswa', 'Default.png'),
('4868', 'AFNI SHAFIRA', 'P', 'Jl. Cipinang Cempedak 1', '083807686546', 'Siswa', 'Default.png'),
('4869', 'RAISAL ABDUR RASYID', 'L', 'Jl. Cakra Wijaya 7', '082258780989', 'Siswa', 'Default.png'),
('4870', 'MUHAMMAD FAIZ HIDAYAT', 'L', 'Jl. Panca Warga 7', '083807686563', 'Siswa', 'Default.png'),
('4871', 'ASHFIA FARADINA', 'P', 'Jl. Trikora 11', '085774565444', 'Siswa', 'Default.png'),
('4872', 'ZALFA APRILITA', 'P', 'Jl. Tekukur', '082258780997', 'Siswa', 'Default.png'),
('4873', 'INTAN NURAINI WIJAYA', 'P', 'Jl. Dewi Sartika', '083807686555', 'Siswa', 'Default.png'),
('4874', 'DECHA IKA PRIYADI', 'P', 'Jl. Cipinang Cempedak 5', '083807686550', 'Siswa', 'Default.png'),
('4875', 'MUHAMMAD NABIL AKBAR', 'L', 'Jl. Angkow', '083807686565', 'Siswa', 'Default.png'),
('4876', 'RAHMA CITRA ANGGRAINI', 'P', 'Jl. Cakra Wijaya 6', '082258780988', 'Siswa', 'Default.png'),
('4877', 'SHOFANI AWALLIYAH', 'L', 'Jl.Cipinang Indah 2', '082258780994', 'Siswa', 'Default.png'),
('4878', 'RAISHA APRILIYANTI', 'P', 'Jl. Cakra Wijaya 8', '082258780990', 'Siswa', 'Default.png'),
('4879', 'RAFIF DIO FADILAH', 'L', 'Jl. Cakra Wijaya 5', '082258780987', 'Siswa', 'Default.png'),
('4880', 'SHAKILA NUR FATIMAH', 'P', 'Jl.Cipinang Indah 1', '082258780993', 'Siswa', 'Default.png'),
('4881', 'FAREL ADRIANSYAH', 'L', 'Jl. Cipinang Cempedak 6', '083807686551', 'Siswa', 'Default.png'),
('4882', 'INDAH FEBRIYANTI', 'P', 'Jl. Mangga 9', '085774565451', 'Siswa', 'Default.png'),
('4883', 'AULIA MAULIDAH', 'P', 'Jl. Trikora 13', '085774565446', 'Siswa', 'Default.png'),
('4884', 'RASYA AKBAR ZULKARNAIN', 'L', 'Jl. Cakra Wijaya 9', '082258780991', 'Siswa', 'Default.png'),
('4885', 'MUHAMMAD ALIF JAMILUDDIN', 'L', 'Jl. Panca Warga 5', '083807686561', 'Siswa', 'Default.png'),
('4886', 'DEANDA ADZKIA MULYA', 'P', 'Jl. Randu 4', '082258781007', 'Siswa', 'Default.png'),
('4887', 'SARAH FEBRYADENITA', 'P', 'Jl. Cakra Wijaya 10', '082258780992', 'Siswa', 'Default.png'),
('4888', 'FARIS AHMAD', 'L', 'Jl. Cipinang Cempedak 8', '083807686553', 'Siswa', 'Default.png'),
('4889', 'MUHAMMAD NABBIL SETIAWAN', 'L', 'Jl Mokosuli', '083807686564', 'Siswa', 'Default.png'),
('4890', 'INDRI YANI SETIA WATI', 'P', 'Jl Arus', '083807686554', 'Siswa', 'Default.png'),
('4891', 'TYAS SHABIRAH', 'P', 'Jl. Beo', '082258780996', 'Siswa', 'Default.png'),
('4892', 'ASSYA NUR AZ-ZAHRA', 'P', 'Jl. Cipinang Cempedak 4', '083807686549', 'Siswa', 'Default.png'),
('4893', 'PUJA KARUNIA', 'P', 'Jl. Cakra Wijaya 4', '083807686570', 'Siswa', 'Default.png'),
('4894', 'NOVIA ANANDA', 'P', 'Jl. Cakra Wijaya 2', '083807686568', 'Siswa', 'Default.png'),
('4895', 'NESYA ANANDA NOVITA', 'P', 'Jl. Cakra Wijaya 1', '083807686567', 'Siswa', 'Default.png'),
('4896', 'MUHAMAD RAFLI', 'L', 'Jl. Mangga 11', '081275679808', 'Siswa', 'Default.png'),
('4897', 'ALDINO MUHAMMAD RIZKY', 'L', 'Jl. Cipinang Cempedak 2', '083807686547', 'Siswa', 'Default.png'),
('4898', 'LINGGA ARIFFUDIN PRATAMA', 'L', 'Jl. Condet Raya 14', '088834738542', 'Siswa', 'Default.png'),
('4899', 'OLIVIA NABIL ADRIANI', 'P', 'Jl. Cakra Wijaya 3', '083807686569', 'Siswa', 'Default.png'),
('4900', 'KENTRIA SETIAHATI NINGRUM', 'P', 'Jl. Panca Warga 2', '083807686558', 'Siswa', 'Default.png'),
('4901', 'ALDO ALAM SYAH', 'L', 'Jl. Cipinang Cempedak 3', '083807686548', 'Siswa', 'Default.png'),
('4902', 'QAISRA SHAHRAZ HAJI MUHAMAD SAPTIRI', 'P', 'Jl. Bakti 1', '085687678575', 'Siswa', 'Default.png'),
('4903', 'MARSHAURILLA AZAHRA', 'P', 'Jl. Randu 8', '082258781011', 'Siswa', 'Default.png'),
('4904', 'RAYYAN DEANTAMA AFIQ', 'L', 'Jl. Bakti 4', '085687678578', 'Siswa', 'Default.png'),
('4905', 'MOHAMMAD GALIH IKWANSYAH', 'L', 'Jl. Randu 10', '085687678566', 'Siswa', 'Default.png'),
('4906', 'ZAHRA AURELLIA YUSUF', 'P', 'Jl. Nusah Indah 9', '085774565437', 'Siswa', 'Default.png'),
('4907', 'AKHDAN KURNIAWAN', 'L', 'Jl. Manunggal 3', '082258781000', 'Siswa', 'Default.png'),
('4908', 'MOHAMMAD RAFFI', 'L', 'Jl. Randu 11', '085687678567', 'Siswa', 'Default.png'),
('4909', 'ANISA SAFITRI', 'P', 'Jl. Manunggal 5', '082258781002', 'Siswa', 'Default.png'),
('4910', 'MOCHAMAD ROYAN FIRDAUS', 'L', 'Jl. Randu 9', '085687678565', 'Siswa', 'Default.png'),
('4912', 'SABIL FIRDAUS ALFARIDZI', 'L', 'Jl. Nusah Indah 5', '085774565433', 'Siswa', 'Default.png'),
('4914', 'DESTIANI FRATIWI', 'P', 'Jl. Randu 5', '082258781008', 'Siswa', 'Default.png'),
('4915', 'RAYHAN AZRA AL FATIH', 'L', 'Jl. Bakti 3', '085687678577', 'Siswa', 'Default.png'),
('4916', 'BAYU FEBRI YANSAH', 'L', 'Jl. Cipinang Kebembem 6', '089947384331', 'Siswa', 'Default.png'),
('4917', 'HAIKAL MAHARDIKA', 'L', 'Jl. Condet Raya 10', '088834738538', 'Siswa', 'Default.png'),
('4918', 'IHSAN AZZAHIR', 'L', 'Jl. Condet Raya 11', '088834738539', 'Siswa', 'Default.png'),
('4919', 'AHMAD DZUBAIR', 'L', 'Jl. Manunggal 2', '082258780999', 'Siswa', 'Default.png'),
('4920', 'NAFIAH RAHMAH', 'P', 'Jl. Simpang Raya 8', '085687678574', 'Siswa', 'Default.png'),
('4921', 'FITO RESPATI KURNIA', 'L', 'Jl. Pisangan Baru Selatan 3', '088834738537', 'Siswa', 'Default.png'),
('4922', 'MUHAMAD DARMAWAN', 'L', 'Jl. Simpang Raya 2', '085687678568', 'Siswa', 'Default.png'),
('4923', 'AZRINAZ MAZHAR LESTALUHU', 'P', 'Jl. Randu 2', '082258781005', 'Siswa', 'Default.png'),
('4924', 'DWI ANDIKA', 'L', 'Jl. Pisangan lama Timur 2', '088834738533', 'Siswa', 'Default.png'),
('4925', 'MUHAMMAD HASBI', 'L', 'Jl. Simpang Raya 3', '085687678569', 'Siswa', 'Default.png'),
('4926', 'SHELVIKA JAYAPRILIA', 'P', 'Jl. Nusah Indah 7', '085774565435', 'Siswa', 'Default.png'),
('4927', 'ABDULLAH MUZOFFAR', 'L', 'Jl. Manunggal 1', '082258780998', 'Siswa', 'Default.png'),
('4928', 'SYAHLA PUTRI ALTENZA', 'P', 'Jl. Nusah Indah 8', '085774565436', 'Siswa', 'Default.png'),
('4929', 'MUTIAH NUR SAFITRI', 'P', 'Jl. Simpang Raya 6', '085687678572', 'Siswa', 'Default.png'),
('4930', 'RAKA YUDHISTIRA', 'L', 'Jl. Bakti 2', '085687678576', 'Siswa', 'Default.png'),
('4931', 'MUHAMMAD NUR ALFIQIANDI MAULADAN', 'L', 'Jl. Simpang Raya 4', '085687678570', 'Siswa', 'Default.png'),
('4932', 'REVAN RIVALDO', 'L', 'Jl. Bakti 5', '085687678579', 'Siswa', 'Default.png'),
('4933', 'RISMAULINA PUTRI SAFARIA', 'P', 'Jl. Bakti 6', '085774565432', 'Siswa', 'Default.png'),
('4934', 'ZAIDAN FIKRI AGUS SULAIMAN', 'L', 'Jl. Nusah Indah 10', '085774565438', 'Siswa', 'Default.png'),
('4935', 'SABINA EZZAH KUSUMAWATI', 'P', 'Jl. Nusah Indah 6', '085774565434', 'Siswa', 'Default.png'),
('4936', 'MUHAMMAD RAFI UTOMO PUTRA', 'L', 'Jl. Simpang Raya 5', '085687678571', 'Siswa', 'Default.png'),
('4937', 'ARMANDA RAFLY', 'L', 'Jl. Cipinang Kebembem 4', '089947384329', 'Siswa', 'Default.png'),
('4938', 'MUHAMMAD RANGGA APRIANSYAH', 'L', 'Jl. Kamboja 5', '081275679812', 'Siswa', 'Default.png'),
('4939', 'MUHAMMAD ARIFIN', 'L', 'Jl. Panca Warga 6', '083807686562', 'Siswa', 'Default.png'),
('4940', 'AHMAD DAURI', 'L', 'Jl. Trikora 6', '085774565439', 'Siswa', 'Default.png'),
('4941', 'THALITA AULIA PUTRI', 'P', 'Jl. Jengki 3', '087767873542', 'Siswa', 'Default.png'),
('4942', 'RAYSYA NUR AZIZAH', 'P', 'Jl. Cakrawala Indah 6', '081275679817', 'Siswa', 'Default.png'),
('4943', 'ASSYFA MAULIDYA', 'P', 'Jl. Trikora 12', '085774565445', 'Siswa', 'Default.png'),
('4944', 'ZULAIKHA YAMLIKHA PUTRI AZ ZAHRA', 'P', 'Jl. Jengki 8', '087767873547', 'Siswa', 'Default.png'),
('4945', 'SITI ILA NABILA', 'P', 'Jl. Cakrawala Indah 10', '081275679821', 'Siswa', 'Default.png'),
('4946', 'VANIA YOSNITA MAULIDA', 'P', 'Jl. Jengki 4', '087767873543', 'Siswa', 'Default.png'),
('4947', 'ANDRA DWI MAULANA', 'L', 'Jl. Trikora 8', '085774565441', 'Siswa', 'Default.png'),
('4948', 'RAKHA HADRIAN THAMIR', 'L', 'Jl. Cakrawala Indah 5', '081275679816', 'Siswa', 'Default.png'),
('4949', 'WIRATAMA PANDU PRASETYO', 'L', 'Jl. Jengki 7', '087767873546', 'Siswa', 'Default.png'),
('4950', 'SABRINA WHITE', 'P', 'Jl. Cakrawala Indah 8', '081275679819', 'Siswa', 'Default.png'),
('4951', 'WILDAN HAWARI', 'L', 'Jl. Jengki 5', '087767873544', 'Siswa', 'Default.png'),
('4952', 'M DESTIN PRASETYO PUTRA HUMAIDI', 'L', 'Jl. Panca Warga 3', '083807686559', 'Siswa', 'Default.png'),
('4953', 'MUAMMAR ZAIDAAN', 'L', 'Jl. Panca Warga 4', '083807686560', 'Siswa', 'Default.png'),
('4954', 'NANDHIKA RAFIE', 'L', 'Jl. Kamboja 7', '081275679814', 'Siswa', 'Default.png'),
('4955', 'ARYA SAPUTRA', 'L', 'Jl. Trikora 10', '085774565443', 'Siswa', 'Default.png'),
('4956', 'ALIEFA NESZA ASIFA', 'P', 'Jl. Trikora 7', '085774565440', 'Siswa', 'Default.png'),
('4957', 'SYAVIRA', 'P', 'Jl. Cakrawala Indah 11', '081275679822', 'Siswa', 'Default.png'),
('4959', 'ARINI ZAHRA', 'P', 'Jl. Trikora 9', '085774565442', 'Siswa', 'Default.png'),
('4960', 'SYEHAN MUHAMMAD IQSAL', 'L', 'Jl. Cakrawala Indah 12', '081275679823', 'Siswa', 'Default.png'),
('4961', 'WILI PRASETYO WIBOWO', 'L', 'Jl. Jengki 6', '087767873545', 'Siswa', 'Default.png'),
('4962', 'BALQIS FADHILAH', 'P', 'Jl. Trikora 14', '085774565447', 'Siswa', 'Default.png'),
('4963', 'DINDA AZZAHRA', 'P', 'Jl. Mangga 8', '085774565450', 'Siswa', 'Default.png'),
('4964', 'NABIL RAHLI YANSYAH', 'L', 'Jl. Kamboja 6', '081275679813', 'Siswa', 'Default.png'),
('4965', 'RAFLI MUHAMAD SALIM', 'L', 'Jl. Kamboja 8', '081275679815', 'Siswa', 'Default.png'),
('4966', 'FARHAN BRAMANTYO', 'L', 'Jl. Cipinang Cempedak 7', '083807686552', 'Siswa', 'Default.png'),
('4967', 'MUHAMMAD FACHRI ANUGRAH', 'L', 'Jl. Mangga 12', '081275679809', 'Siswa', 'Default.png'),
('4968', 'KAMELIA FARHA ANINDYA', 'P', 'Jl. Panca Warga 1', '083807686557', 'Siswa', 'Default.png'),
('4969', 'SIDIQ SEBASTIAN', 'L', 'Jl. Cakrawala Indah 9', '081275679820', 'Siswa', 'Default.png'),
('4970', 'MUHAMMAD FIRZI FIRDAUS', 'L', 'Jl. Kamboja 3', '081275679810', 'Siswa', 'Default.png'),
('4971', 'MEYLIZA AZZAHRA JELITA', 'P', 'Jl. Mangga 10', '085774565452', 'Siswa', 'Default.png'),
('4972', 'MUHAMMAD RAHMAT DANI', 'L', 'Jl. Kamboja 4', '081275679811', 'Siswa', 'Default.png'),
('4973', 'CHAERUL MAULANA IBRAHIM', 'L', 'Jl. Mangga 7', '085774565449', 'Siswa', 'Default.png'),
('4974', 'MUHAMMAD FAUZAN KHAIDAR SUSANTO', 'L', 'Jl. Hankam No 28', '087823492244', 'Siswa', 'Default.png'),
('4975', 'SABRINA ANINDITA', 'P', 'Jl. Asri 5', '083895990661', 'Siswa', 'Default.png'),
('4976', 'REISYA PUTRI ANANDA', 'P', 'Jl. Cipinang Bali 2', '089527278902', 'Siswa', 'Default.png'),
('4977', 'SYAHIRA NAZAHIYAH', 'P', 'Jl. Asri 6', '083895990662', 'Siswa', 'Default.png'),
('4979', 'MUHAMMAD ADLI HIDAYAT', 'L', 'Jl. Hankam No 27', '087823492243', 'Siswa', 'Default.png'),
('4980', 'DIFTA LUFITASARI', 'P', 'Jl. Manunggal Raya 7', '082275385896', 'Siswa', 'Default.png'),
('4981', 'RAISYA MELDANIA ZAHIRA', 'P', 'Jl. Hankam No 30', '089527278900', 'Siswa', 'Default.png'),
('4982', 'FELISA MOHAMAD LUBIS', 'P', 'Jl. Lewa 12', '087823492236', 'Siswa', 'Default.png'),
('4983', 'LUTHFY WIRA DARMA', 'L', 'Jl. Hankam No 24', '087823492240', 'Siswa', 'Default.png'),
('4984', 'RAVIQUE UMA', 'L', 'Jl. Cipinang Bali 1', '089527278901', 'Siswa', 'Default.png'),
('4985', 'KEISYAH ANASTASYA NOVIANI', 'P', 'Jl. Hankam No 23', '087823492239', 'Siswa', 'Default.png'),
('4986', 'ANBAR HANIFA', 'P', 'Jl. Swadaya 4', '089674387386', 'Siswa', 'Default.png'),
('4987', 'INDAH FEBRIANA', 'P', 'Jl. Lewa 13', '087823492237', 'Siswa', 'Default.png'),
('4988', 'NABIL RIZKI MAULANA', 'L', 'Jl. Hankam No 29', '089527278899', 'Siswa', 'Default.png'),
('4989', 'ADITYA YUSUF RAMADHAN', 'L', 'Jl. Swadaya 1', '089674387383', 'Siswa', 'Default.png'),
('4990', 'FAHRI FAHROZI', 'L', 'Jl. Lewa 11', '087823492235', 'Siswa', 'Default.png'),
('4991', 'RISMA AULIA RAMADHANI', 'P', 'Jl. Jatinegara Lama No 1B', '083895990659', 'Siswa', 'Default.png'),
('4992', 'ISAKA THALITA MOZZA', 'P', 'Jl. Lewa 14', '087823492238', 'Siswa', 'Default.png'),
('4993', 'CIELO MAHARDIKA ARIBOWO', 'L', 'Jl. Manunggal Raya 4', '082275385893', 'Siswa', 'Default.png'),
('4994', 'REVAN TOMAZA', 'L', 'Jl. Cipinang Bali 3', '089527278903', 'Siswa', 'Default.png'),
('4995', 'DEA NABILA PUTRI ', 'P', 'Jl. Manunggal Raya 6', '082275385895', 'Siswa', 'Default.png'),
('4996', 'TRISTAN AR RAHMAN', 'L', 'Jl. Asri 7', '083895990663', 'Siswa', 'Default.png'),
('4997', 'MAULIDYAH AZZAHRA SOFYANA', 'P', 'Jl. Hankam No 26', '087823492242', 'Siswa', 'Default.png'),
('4998', 'DAMAR', 'L', 'Jl. Manunggal Raya 5', '082275385894', 'Siswa', 'Default.png'),
('4999', 'DUDE RIZQI SYAHPUTRA', 'L', 'Jl. Manunggal Raya 8', '082275385897', 'Siswa', 'Default.png'),
('5000', 'AZZAM AFLAH ', 'L', 'Jl. Swadaya 5', '089674387387', 'Siswa', 'Default.png'),
('5001', 'FABIAN PAHLEVY', 'L', 'Jl. Lubang Buaya', '082275385898', 'Siswa', 'Default.png'),
('5002', 'RHAYSA MALIKA ZEIN', 'P', 'Jl. Cipinang Bali 4', '089527278904', 'Siswa', 'Default.png'),
('5004', 'AHMAD TAQI', 'L', 'Jl. Swadaya 2', '089674387384', 'Siswa', 'Default.png'),
('5005', 'RIRI ADELIA SETYO', 'P', 'Jl. Cipinang Bali 5', '083895990658', 'Siswa', 'Default.png'),
('5006', 'AISYAH SAHARANI ', 'P', 'Jl. Swadaya 3', '089674387385', 'Siswa', 'Default.png'),
('5007', 'RIZAL ABDUL RASYID', 'L', 'Jl. Jatinegara Lama No 11', '083895990660', 'Siswa', 'Default.png'),
('5008', 'BRYAN ADAM', 'L', 'Jl. Swadaya 6', '089674387388', 'Siswa', 'Default.png'),
('5009', 'M. ZIDAN FIRDAUS', 'L', 'Jl. Hankam No 25', '087823492241', 'Siswa', 'Default.png'),
('5012', 'ROHANI WAHYUNI ', 'P', 'Jl. Cakrawala Indah 7', '081275679818', 'Siswa', 'Default.png'),
('5013', 'MUHAMMAD HAEKAL IRSAN SEMBIRING', 'L', 'Jl. Suhadi 5', '081293398654', 'Siswa', 'Default.png');

-- --------------------------------------------------------

--
-- Struktur dari tabel `tb_buku`
--

CREATE TABLE `tb_buku` (
  `kd_buku` varchar(10) NOT NULL,
  `judul` varchar(100) NOT NULL,
  `pengarang` varchar(100) NOT NULL,
  `penerbit` varchar(100) NOT NULL,
  `isbn` varchar(50) NOT NULL,
  `kd_rak` varchar(10) NOT NULL,
  `kd_kategori` int(11) NOT NULL,
  `image` varchar(255) NOT NULL,
  `stok` int(11) NOT NULL,
  `tahun` int(11) NOT NULL
) ENGINE=InnoDB DEFAULT CHARSET=utf8mb4;

--
-- Dumping data untuk tabel `tb_buku`
--

INSERT INTO `tb_buku` (`kd_buku`, `judul`, `pengarang`, `penerbit`, `isbn`, `kd_rak`, `kd_kategori`, `image`, `stok`, `tahun`) VALUES
('B001', 'Bahasa Indonesia Kelas VII', 'Titik Harsiati, Agus Trianto, dan E. Kosasih', 'Pusat Kurikulum dan Perbukuan, Balitbang, Kemendikbud', '978-602-282-968-3', 'Rak-001', 2, 'Kelas_07_SMP_Bahasa_Indonesia_Siswa_2017_001.png', 83, 2017),
('B002', 'Bahasa Inggris When English Rings a Bell Kelas VII', 'Siti Wachidah, Asep Gunawan, Diyantari, Yuli Rulan', 'Pusat Kurikulum dan Perbukuan, Balitbang, Kemendikbud', '978-602-282-976-8', 'Rak-001', 2, 'Kelas_07_SMP_Bahasa_Inggris_Siswa_2017_001.png', 84, 2017),
('B003', 'Bahasa Indonesia Kelas VIII', 'E. Kosasih', 'Pusat Kurikulum dan Perbukuan, Balitbang, Kemendikbud', '978-602-282-968-3', 'Rak-001', 2, 'Kelas_08_SMP_Bahasa_Indonesia_Siswa_2017_001.png', 84, 2017),
('B004', 'Bahasa Inggris When English Rings a Bell Kelas VIII', 'Siti Wachidah, Asep Gunawan, Diyantari, dan Yuli R', 'Pusat Kurikulum dan Perbukuan, Balitbang, Kemendikbud', '978-602-282-976-8', 'Rak-001', 2, 'Kelas_08_SMP_Bahasa_Inggris_Siswa_2017_001.png', 84, 2017),
('B005', 'Bahasa Indonesia Kelas IX', 'Fairul Zabadi dan Sutedjo', 'Pusat Kurikulum dan Perbukuan, Balitbang, Kemendikbud', '978-602-1530-82-5', 'Rak-001', 2, 'Kelas_09_SMP_Bahasa_Indonesia_Siswa_001.png', 84, 2017),
('B006', 'Bahasa Inggris Think Globally Act Locally Kelas IX', 'Siti Wachidah, Diyantari, dan Yuli Rulani Khatimah', 'Pusat Kurikulum dan Perbukuan, Balitbang, Kemendikbud', '978-602-1530-58-0', 'Rak-001', 2, 'Kelas_09_SMP_Bahasa_Inggris_Siswa_001.png', 84, 2017),
('B007', 'Pendidikan Agama Islam dan Budi Pekerti Kelas VII', 'Muhammad Ahsan, Sumiyati, dan Mustahdi', 'Pusat Kurikulum dan Perbukuan, Balitbang, Kemendikbud', '978-602-282-912-6', 'Rak-002', 2, 'Kelas_07_SMP_Pendidikan_Agama_Islam_dan_Budi_Pekerti_Siswa_2017_001.png', 84, 2017),
('B008', 'Pendidikan Agama Islam dan Budi Pekerti Kelas VIII', 'Muhammad Ahsan dan Sumiyati', 'Pusat Kurikulum dan Perbukuan, Balitbang, Kemendikbud', '978-602-282-266-0', 'Rak-002', 2, 'Kelas_08_SMP_Pendidikan_Agama_Islam_dan_Budi_Pekerti_Siswa_2017_001.png', 84, 2017),
('B009', 'Pendidikan Agama Islam dan Budi Pekerti Kelas IX', 'Muhammad Ahsan dan Sumiyati', 'Pusat Kurikulum dan Perbukuan, Balitbang, Kemendikbud', '978-979-1274-95-1', 'Rak-002', 2, 'Kelas_09_SMP_Pendidikan_Agama_Islam_dan_Budi_Pekerti_Siswa_001.png', 84, 2017),
('B010', 'Pendidikan Jasmani, Olahraga, dan Kesehatan Kelas VII', 'Muhajir', 'Pusat Kurikulum dan Perbukuan, Balitbang, Kemendikbud', '978-602-427-015-5', 'Rak-002', 2, 'Kelas_07_SMP_Pendidikan_Jasmani_Olahraga_dan_Kesehatan_Siswa_2017_001.png', 84, 2017),
('B011', 'Pendidikan Jasmani, Olahraga, dan Kesehatan Kelas VIII', 'Roji dan Eva Yulianti', 'Pusat Kurikulum dan Perbukuan, Balitbang, Kemendikbud', '978-602-427-015-5', 'Rak-002', 2, 'Kelas_08_SMP_Pendidikan_Jasmani_Olahraga_Kesehatan_Penjasorkes_Siswa_2017_001.png', 84, 2017),
('B012', 'Pendidikan Jasmani, Olahraga, dan Kesehatan Kelas IX', 'Bambang Abduljabar dan Lukmanul Haqim Lubay', 'Pusat Kurikulum dan Perbukuan, Balitbang, Kemendikbud', '978-602-1530-78-8', 'Rak-002', 2, 'Kelas_09_SMP_Pendidikan_Jasmani_Olah_Raga_dan_Kesehatan_Siswa_001.png', 84, 2017),
('B013', 'Ilmu Pengetahuan Alam Kelas VII S1', 'Wahono Widodo, Fida Rachmadiarti, dan Siti Nurul H', 'Pusat Kurikulum dan Perbukuan, Balitbang, Kemendikbud', '978-602-427-000-1', 'Rak-003', 2, 'Kelas7_buku_siswa_ipa_smp_kelas_vii_sem_i.jpg.jpg', 84, 2017),
('B014', 'Ilmu Pengetahuan Alam Kelas VII S2', 'Wahono Widodo, Fida Rachmadiarti, Siti Nurul Hiday', 'Pusat Kurikulum dan Perbukuan, Balitbang, Kemendikbud', '978-602-427-002-5', 'Rak-003', 2, 'Kelas7_buku_siswa_ipa_smp_kelas_vii_sem_ii.jpg', 83, 2017),
('B015', 'Ilmu Pengetahuan Alam Kelas VIII S1', 'Siti Zubaidah, Susriyati Mahanal, Lia Yuliati', 'Pusat Kurikulum dan Perbukuan, Balitbang, Kemendikbud', '978-602-282-317-9', 'Rak-003', 2, 'Kelas_08_SMP_Ilmu_Pengetahuan_Alam_IPA_S1_Siswa_2017_001.png', 84, 2017),
('B016', 'Ilmu Pengetahuan Alam Kelas VIII S2', 'Siti Zubaidah, Susriyati Mahanal, Lia Yuliati', 'Pusat Kurikulum dan Perbukuan, Balitbang, Kemendikbud', '978-602-282-318-6', 'Rak-003', 2, 'Kelas_08_SMP_Ilmu_Pengetahuan_Alam_IPA_S2_Siswa_2017_001.png', 84, 2017),
('B017', 'Ilmu Pengetahuan Alam Kelas IX S1', 'Siti Zubaidah, Susriyati Mahanal, Lia Yuliati', 'Pusat Kurikulum dan Perbukuan, Balitbang, Kemendikbud', '978-602-282-320-9', 'Rak-003', 2, 'Kelas_09_SMP_Ilmu_Pengetahuan_Alam_Siswa_2_002.png', 84, 2017),
('B018', 'Matematika Kelas VII S1', 'Dr.H.Abdur Rahman Asari,mohammad Tohir,Ibnu Taufi', 'Pusat Kurikulum dan Perbukuan, Balitbang, Kemendikbud', '978-602-282-984-3', 'Rak-004', 2, 'Kelas_07_SMP_Matematika_S1_Siswa_2017_001.png', 83, 2017),
('B019', 'Matematika Kelas VII S2', 'Dr.H.Abdur Rahman Asari,mohammad Tohir,Ibnu Taufi', 'Pusat Kurikulum dan Perbukuan, Balitbang, Kemendikbud', '978-602-282-984-3', 'Rak-004', 2, 'Kelas7_buku_siswa_mtk_kelas_vii_sem_ii.jpg', 84, 2017),
('B020', 'Matematika Kelas VIII S1', 'Abdur Rahman Asari, Mohammad Tohir, Erik Valentin', 'Pusat Kurikulum dan Perbukuan, Balitbang, Kemendikbud', '978-602-282-984-3', 'Rak-004', 2, 'Kelas_08_SMP_Matematika_S1_Siswa_2017_001.png', 84, 2017),
('B021', 'Matematika Kelas VIII S2', 'Abdur Rahman Asari, Mohammad Tohir, Erik Valentin', 'Pusat Kurikulum dan Perbukuan, Balitbang, Kemendikbud', '978-602-282-984-3', 'Rak-004', 2, 'Kelas8_buku_siswa_mtk_kelas_viii_sem_ii.jpg', -1, 2017),
('B022', 'Matematika Kelas IX', 'Subchan,Winarni,M Setirjo Winarko,Lukman Hanafi', 'Pusat Kurikulum dan Perbukuan, Balitbang, Kemendikbud', '978-602-282-984-3', 'Rak-004', 2, 'Kelas9_buku_siswa_mtk_kelas_ix.jpg', 84, 2018),
('B023', 'Al-Quran', '-', '-', '-', 'Rak-004', 3, 'Default-book.png', 15, 0),
('B024', 'Ilmu Pengetahuan Sosial Kelas VII', 'Iwan Setiawan, Dedi, Suciati, A. Mushlih', 'Pusat Kurikulum dan Perbukuan, Balitbang, Kemendikbud', '978-602-427-008-7', 'Rak-005', 2, 'Kelas7_buku_siswa_ips_kelas_vii.jpg', 84, 2017),
('B025', 'Ilmu Pengetahuan Sosial Kelas VIII', 'Mukminan, Endang Mulyani, M. Nursaban,Supardi', 'Pusat Kurikulum dan Perbukuan, Balitbang, Kemendikbud', '978-602-427-010-5', 'Rak-005', 2, 'Kelas8_buku_siswa_ips_kelas_viii.jpg', 84, 2017),
('B026', 'Ilmu Pengetahuan Sosial Kelas IX', 'Iwan Setiawan, Retno Kuning Dewi Pusparatri , Suci', 'Pusat Kurikulum dan Perbukuan, Balitbang, Kemendikbud', '978-602-427-010-0', 'Rak-005', 2, 'Kelas_09_SMP_Ilmu_Pengetahuan_Sosial_Siswa_001.png', 84, 2017),
('B027', 'Pendidikan Pancasila dan Kewarganegaraan Kelas VII', 'Lukman Surya Saputra, Aa Nurdiaman, Salikun', 'Pusat Kurikulum dan Perbukuan, Balitbang, Kemendikbud', '978-602-282-961-4', 'Rak-005', 2, 'Kelas_07_SMP_Pendidikan_Pancasila_dan_Kewarganegaraan_PPKn_Siswa_2017_001.png', 84, 2017),
('B028', 'Pendidikan Pancasila Dan Kewarganegaraan Kelas VIII', 'Lukman Surya Saputra, Ida Rohayani, Salikun', 'Pusat Kurikulum dan Perbukuan, Balitbang, Kemendikbud', '978-602-282-962-1', 'Rak-005', 2, 'Kelas8_buku_siswa_ppkn_kelas_viii.jpg', 84, 2017),
('B029', 'Pendidikan Pancasila Dan Kewarganegaraan Kelas IX', 'Ai Tin Sumartini, Asep Sutisna Putra', 'Pusat Kurikulum dan Perbukuan, Balitbang, Kemendikbud', ' 978-602-282-963-8', 'Rak-005', 2, 'Kelas9_buku_siswa_ppkn_kelas_ix_2175.jpg', 84, 2018),
('B030', 'Kamus Indonesia - Inggris', 'John M. Echols, Hassan Shadily.', 'Gramedia Pustaka Utama', '978-602-000-000-0', 'Rak-006', 1, 'Default-book.png', 20, 2012);

-- --------------------------------------------------------

--
-- Struktur dari tabel `tb_bukuhilang`
--

CREATE TABLE `tb_bukuhilang` (
  `kd_hilang` int(11) NOT NULL,
  `kd_peminjaman` int(10) NOT NULL,
  `jumlahHilang` int(11) NOT NULL
) ENGINE=InnoDB DEFAULT CHARSET=utf8mb4;

--
-- Dumping data untuk tabel `tb_bukuhilang`
--

INSERT INTO `tb_bukuhilang` (`kd_hilang`, `kd_peminjaman`, `jumlahHilang`) VALUES
(1, 20, 1),
(2, 25, 1),
(4, 30, 1),
(5, 33, 1);

-- --------------------------------------------------------

--
-- Struktur dari tabel `tb_kategori`
--

CREATE TABLE `tb_kategori` (
  `kd_kategori` int(11) NOT NULL,
  `kategori` varchar(100) NOT NULL
) ENGINE=InnoDB DEFAULT CHARSET=utf8mb4;

--
-- Dumping data untuk tabel `tb_kategori`
--

INSERT INTO `tb_kategori` (`kd_kategori`, `kategori`) VALUES
(1, 'Kamus'),
(2, 'Teks'),
(3, 'Keagamaan');

-- --------------------------------------------------------

--
-- Struktur dari tabel `tb_login`
--

CREATE TABLE `tb_login` (
  `id_login` int(11) NOT NULL,
  `username` varchar(20) NOT NULL,
  `password` varchar(100) NOT NULL,
  `akses` varchar(10) NOT NULL
) ENGINE=InnoDB DEFAULT CHARSET=utf8mb4;

--
-- Dumping data untuk tabel `tb_login`
--

INSERT INTO `tb_login` (`id_login`, `username`, `password`, `akses`) VALUES
(1, '0145', '21232f297a57a5a743894a0e4a801fc3', 'admin'),
(2, '4830', 'de310913daf92b6068e3e92a6c5ffc14', 'anggota'),
(3, '4833', '5552c578b3ea05f6a0c6d2dd271d0e16', 'anggota'),
(4, '4834', 'fd636978068da879b31dc39bb220cfa3', 'anggota'),
(5, '4836', '7a5615a26ec67f2c19562c070c466691', 'anggota'),
(6, '4837', '20f33815dc575e4206af69ef8fd9fba3', 'anggota'),
(7, '4838', '295a3966115e1b9c3f273f5ff3525426', 'anggota'),
(8, '4839', 'fc009292899af6536898979940e2ec34', 'anggota'),
(9, '4840', '6d9f6c09ef4cc76e1c0adaa73b707318', 'anggota'),
(10, '4841', 'ecc566894138771be2bfde6cd9a6c7d4', 'anggota'),
(11, '4842', 'f34aaac9f752ac25ff443b1cc913106e', 'anggota'),
(12, '4844', '798ad678ffd3f4407bab31ad0a3afe7c', 'anggota'),
(13, '4845', '2026fbfe821cc8e09b21240682854e6a', 'anggota'),
(14, '4846', 'fa8aa0e223e8e04056a67a092c3a60bd', 'anggota'),
(15, '4847', 'c27fb241741bfc27bc49dd20cf96303c', 'anggota'),
(16, '4848', 'd8f70e4373d1ace7129d5d812f7eec8a', 'anggota'),
(17, '4849', '57477ecf553164ead6c906f3401af12b', 'anggota'),
(18, '4850', '96e2beaf5c49aadae31951291216f6df', 'anggota'),
(19, '4852', '20f1e5119f3f20e284966eb211e00b33', 'anggota'),
(20, '4853', '59d56eb123d0f4963b4222eb9400f15b', 'anggota'),
(21, '4854', 'bdce6966726f4f4edd3d953b36e6221c', 'anggota'),
(22, '4858', 'b8397c9578b8867d9567082a39310907', 'anggota'),
(23, '4859', 'f01cf11371b3012d9be48edbecde9999', 'anggota'),
(24, '4860', '668f93d5e8dd2ebbdb3797857ef274a9', 'anggota'),
(25, '4861', '5c79c5cb68dc3118a4357a3f5d88f3b7', 'anggota'),
(26, '4862', 'df0dc4acdfa8d4cb0b0fe59ecd368663', 'anggota'),
(27, '4863', 'c9263480d4a65627a2309f3213127d14', 'anggota'),
(28, '4898', '2bfd5376f002d5efe367716a65fc04e5', 'anggota'),
(29, '4916', 'cfa1c108bc673e93f846ecac7cc69fb8', 'anggota'),
(30, '4917', '2fed4249b1c3bcd48dd81db28f778fec', 'anggota'),
(31, '4918', '31d8f891676fca064aef6f2fdb0192e3', 'anggota'),
(32, '4921', '59986ef184ff31199f72d93f2a47883f', 'anggota'),
(33, '4924', '79d79f748b12261cb7e19c37dca25ec6', 'anggota'),
(34, '4937', 'd8e6a4f04ce8f6888e149a5e8540035c', 'anggota'),
(35, '4865', 'abfdb8595b498311eeee4166d6f08a72', 'anggota'),
(36, '4866', '5ed977c4869c377b0888aab209a29ea1', 'anggota'),
(37, '4867', '1dd474d5b39adfbadd7fda1bbc1ef5b5', 'anggota'),
(38, '4868', '9f22396054b5595fec972dddfa698abb', 'anggota'),
(39, '4869', '88422b06db0119e792707c8f6d7799d9', 'anggota'),
(40, '4870', '62d5f80418a17afd0de664c6cf7eec0e', 'anggota'),
(41, '4872', '52fa5b86f9cd2760c26107f59faa0552', 'anggota'),
(42, '4873', '2a5a41b09b51451d7f7c768151346959', 'anggota'),
(43, '4874', '876dfa7b5b171d0ad310e19f99f97fd9', 'anggota'),
(44, '4875', '210ae6dbae410d0258f6a52cf49dd3ec', 'anggota'),
(45, '4876', '7cd4cf4d52e5aa6951b765cf0907c593', 'anggota'),
(46, '4877', '4fcba60c7fcba2f670ec722c63df2334', 'anggota'),
(47, '4878', '312acd504eb6e27f3cac74bad5e099e7', 'anggota'),
(48, '4879', 'b5dfb0a8981089a1aa446c4918853f64', 'anggota'),
(49, '4880', '91f7521eaa45e0aa7ea9a92199e9ff90', 'anggota'),
(50, '4881', '1cd9501cceaea072adf7ab756074a665', 'anggota'),
(51, '4884', 'c57f4265559719e31526430b53170cf0', 'anggota'),
(52, '4885', '8a988063fc7bbf67bed468d4aa728a7b', 'anggota'),
(53, '4887', '1c7c8262b3cf2edefa30e4a3d1ab6229', 'anggota'),
(54, '4888', 'a06040a899435514c73398255bdb3b85', 'anggota'),
(55, '4889', 'f5f0c71a738bc3ed1f1d3aa01c85f54b', 'anggota'),
(56, '4890', '176d19b3ff45d5d5aa25c04ac649042e', 'anggota'),
(57, '4891', '988a903ce29086acfbaab0b1f1c26168', 'anggota'),
(58, '4892', '1e040dd9fe9a647fb1b7e883a9554974', 'anggota'),
(59, '4893', 'e7e1a5e7b08695a3c3971422f84bcd5a', 'anggota'),
(60, '4894', '8339cbd4429ae708404885a06e46a16d', 'anggota'),
(61, '4895', 'b33c1bf0c205f93b82f13999a2f6680a', 'anggota'),
(62, '4897', '91eae5d1148322bb51d8e47ec93c0b6b', 'anggota'),
(63, '4899', 'b354fdefae24c60c00fa262af44bb48b', 'anggota'),
(64, '4900', '76a4515ee7bc33d0b2463d5b092c5c8d', 'anggota'),
(65, '4901', '420994d5831aba549f9fa24bbffa5af2', 'anggota'),
(66, '4939', '3039355a1d703472f9bfa9d2983bac10', 'anggota'),
(67, '4952', '5460e93639fa42b5031e0e3d3652b10e', 'anggota'),
(68, '4953', '89e62018f42274fbb638e95fa48917bb', 'anggota'),
(69, '4966', '4f2cabf09d4aeeac89b31b84c5d183cd', 'anggota'),
(70, '4968', '174efc3b71bba9317b7eb37d0d346472', 'anggota'),
(71, '4831', '931500dca1f2fa20828625094038e4d4', 'anggota'),
(72, '4832', 'dbe37acd04eddac29d3bd2a7b9bdbfd2', 'anggota'),
(73, '4843', '354a4c475fdffd20acde76389805822a', 'anggota'),
(74, '4851', 'eadfc71b055625ac59e2d3664eecfd86', 'anggota'),
(75, '4855', 'a2eaaaf23898d884a76c7201fb541cff', 'anggota'),
(76, '4856', 'c1e352809cab3fab6d67364e548d4df5', 'anggota'),
(77, '4857', '99d1dc11bceb262e20daf7a56a4558d5', 'anggota'),
(78, '4886', '9147bf26e51445be54b9af5511165cea', 'anggota'),
(79, '4902', '41ba6d8a03a928f341a3e33cc46bb66d', 'anggota'),
(80, '4903', '8d530ab2f7ed42ae7e30e3bb3a53d697', 'anggota'),
(81, '4904', 'a87cff45584fe11ac0a4caf4cb223eee', 'anggota'),
(82, '4905', 'ab85087429bd00d9552facb4daeafa85', 'anggota'),
(83, '4906', 'c5adb2c860d92fc5e9eceb47273b1431', 'anggota'),
(84, '4907', '2b555cfb81c8b2cfdd3db51ba7bcc19a', 'anggota'),
(85, '4908', '3ce80122f9333a5d29e9ea6666b545d5', 'anggota'),
(86, '4909', '50b02e1b2828ec5e757cc4126e77590e', 'anggota'),
(87, '4910', '96a645c28bd29b5654be8669d5d42da1', 'anggota'),
(88, '4912', 'e2643fb4b8b20206261b8280f67b60c4', 'anggota'),
(89, '4914', '17ea42704fd4b0c973952b5bec79a8ec', 'anggota'),
(90, '4915', 'f954e1f6e7fbf9c689db38cd3cd051ac', 'anggota'),
(91, '4919', '85cd5b2082679e594d23469baa938b4e', 'anggota'),
(92, '4920', 'b887bbfe4c43f0fa042bfb702f1bdaf6', 'anggota'),
(93, '4922', '3f55f3075526ee3a69cc9b84d6f85500', 'anggota'),
(94, '4923', '8bf8b150e26ba8ac4b5ae51db9a3111e', 'anggota'),
(95, '4925', 'ba8b1f1141a2135804c035b98a996c4d', 'anggota'),
(96, '4926', '7af3ddee01e2f6dda0eb858745f44f5d', 'anggota'),
(97, '4927', '97e3a7b7e4dc19be7444543146b95e29', 'anggota'),
(98, '4928', 'cc233cb183bd982a91b1c2c0c9486a1e', 'anggota'),
(99, '4929', 'faf90c55c0166aef2d5a5aeddf007b1c', 'anggota'),
(100, '4930', '636169d3a7b5707f83ddf58a499ba0b6', 'anggota'),
(101, '4931', 'c82fe1f1d82ec2b3d24f9ea0f69ba0f4', 'anggota'),
(102, '4932', 'f72e0a1d884852a9ba38109547972db9', 'anggota'),
(103, '4933', '7c59401505636f9cab78b4ccda8f5b06', 'anggota'),
(104, '4934', '3a47e45891d2e55c301929709f467945', 'anggota'),
(105, '4935', '610dd727a2d63a5c13633b688d936dcc', 'anggota'),
(106, '4936', '0a6cac274638ef3f50a82ddca831af27', 'anggota'),
(107, '4864', 'df66cffe6a05a86b5857a06451a594bd', 'anggota'),
(108, '4871', '5118817e59e1556c6a42452a4352529a', 'anggota'),
(109, '4882', 'f7211ee5e1a1c8801e401d14e8ea10ae', 'anggota'),
(110, '4883', '095d678443b00ea675ccfd81338b7054', 'anggota'),
(111, '4896', 'cca5767e08809e77b670632d7876d0f0', 'anggota'),
(112, '4938', 'ce3ccf7840da3cf414a71817b1082433', 'anggota'),
(113, '4940', 'ee0532987c92b04555bbb89753c24a3c', 'anggota'),
(114, '4941', '9e8a65c9e401cd9e38dad39b3cc2bb29', 'anggota'),
(115, '4942', '06e6255dcb0abf98076ab4f59cdb5a10', 'anggota'),
(116, '4943', 'e74cfa2d58f63acd0f209b22ab529d9b', 'anggota'),
(117, '4944', 'aa76c1f7e505ac823d8a6c75163e9f2d', 'anggota'),
(118, '4945', 'f6790f65b120f9552938da5b8bbca6d3', 'anggota'),
(119, '4946', 'b7cc60072133e9d0eed61b14c1edd898', 'anggota'),
(120, '4947', '0928ded44473ea1c6b5b853b213e9344', 'anggota'),
(121, '4948', '83cb25dad2d011c7a8f6a42b74553a08', 'anggota'),
(122, '4949', 'a402fa3dab8dabbcff2d572507c690cc', 'anggota'),
(123, '4950', 'a08afd2d39d19956ffde36eb62ec80b2', 'anggota'),
(124, '4951', '4229b5f595e963dad8b906cc505e321a', 'anggota'),
(125, '4954', '338f4611c51633b1244c9dcf3a3716a3', 'anggota'),
(126, '4955', '8db87285a60ac8d8d8c33555f47ef0e9', 'anggota'),
(127, '4956', '316a8cb7f634771bf377070cf51770a0', 'anggota'),
(128, '4957', '21edc97b3b5778ddeb7123139a5a94b3', 'anggota'),
(129, '4959', 'feb5f1fb25a1638bba810ae9014b1389', 'anggota'),
(130, '4960', '1c2a800209f277b2df5bf7ae8688dfb0', 'anggota'),
(131, '4961', '47eb0243ac00561c9dc1e12c39ec7780', 'anggota'),
(132, '4962', '4bbc4b35d69b016353f8c950012eefdb', 'anggota'),
(133, '4963', '974f9828097f88a8756cd48bfbd9194d', 'anggota'),
(134, '4964', '2925f582ab8d680929db7bf06d2f2b53', 'anggota'),
(135, '4965', 'f7df451e29af9e5f7faf34d769b050a9', 'anggota'),
(136, '4967', '06e3af2fe5f86ab351cf214eea7cc5a3', 'anggota'),
(137, '4969', '594edb4a449a2b7a08a73f121d2f3e02', 'anggota'),
(138, '4970', '97aa3572b51025b20ed3fa7635351cd0', 'anggota'),
(139, '4971', '6d373174f8e61111a03ba4f8342972f0', 'anggota'),
(140, '4972', 'c1e930fd5c36f3165e77ccbe7421924d', 'anggota'),
(141, '4973', 'f2c12500189e29ce8e5872384c1c46f1', 'anggota'),
(142, '5012', '60326f5333e73b294e8df6f4e54dd11d', 'anggota'),
(143, '4974', '2c752a2d7ee4f72897c46187427a91c0', 'anggota'),
(144, '4975', 'fb4a1ad9758ed49452532ef2a35aa282', 'anggota'),
(145, '4976', 'd41d8cd98f00b204e9800998ecf8427e', 'anggota'),
(146, '4977', '8635df172ae2100e6cab47c4379403d8', 'anggota'),
(147, '4979', '3ce5a3713164fdc57d3185e77ccd9810', 'anggota'),
(148, '4980', '264e1e641615efb3b4502d14382867a1', 'anggota'),
(149, '4981', '7675867412516c6b37420fd81feb6316', 'anggota'),
(150, '4982', '8e1a11b6514bdd63dc8bbe0eb5439bb0', 'anggota'),
(151, '4983', 'c313f17f892f2d86a8f8ac792b77e656', 'anggota'),
(152, '4984', 'a661dbb736974b543250b572ccd774a9', 'anggota'),
(153, '4985', 'd438a213cbc137c78005f0bd9078fb45', 'anggota'),
(154, '4986', '879ea33bcccf85e122086854d4c85a71', 'anggota'),
(155, '4987', 'da772e7d9b2c4263487943e639e0afa4', 'anggota'),
(156, '4988', 'ab7d46672cf553116234a57a73a2f310', 'anggota'),
(157, '4989', '87a166e87fca35f54c57d42d189ebbd0', 'anggota'),
(158, '4990', '409d67c9061ee6e1f7a28d4432f85779', 'anggota'),
(159, '4991', '086a42020d688e4c9b6e15d8ec0b61e8', 'anggota'),
(160, '4992', '057eb5c7a0d76b8334b1fcc958e3d829', 'anggota'),
(161, '4993', 'ffd3670e7eb535af532f4e4e248b0147', 'anggota'),
(162, '4994', '6c32617b961c76c9cd5878455f71f65b', 'anggota'),
(163, '4995', 'd29f428d9c9e8b43d42c6817f36a1b40', 'anggota'),
(164, '4996', '3f5202b48d984ca4f42c1ff73fc4f7cb', 'anggota'),
(165, '4997', '0bbd17eaa862c797abe5897c868ce632', 'anggota'),
(166, '4998', '30351e00d662140bdea1e3dc6e3be49c', 'anggota'),
(167, '4999', '814a1b25e53cf1be6cea01cfde0df21a', 'anggota'),
(168, '5000', '516db875ec922a264cb6b57b59db6b42', 'anggota'),
(169, '5001', 'd373836481a115d5b9ef4be73a098daf', 'anggota'),
(170, '5002', '963ff65937c047207c9a150f5bc6af95', 'anggota'),
(171, '5004', '215a52f6ac7ce56a719317aceb70d8b0', 'anggota'),
(172, '5005', '0e707d1b6c7bf02aac6d5a223aca4f4a', 'anggota'),
(173, '5006', '088af645d2751ccb49f29e344721ac95', 'anggota'),
(174, '5007', 'c2bc25248b0e97fcf86465a660a1b998', 'anggota'),
(175, '5008', 'd1efa849c36440ce13182c503c629cb2', 'anggota'),
(176, '5009', 'ebe057f8f812685a9c69401bd1a01693', 'anggota'),
(177, '4640', '419df0bad885812333eb4b4c5fdb96e0', 'anggota'),
(178, '4649', 'd857871c9f7659b6333f8a3653c5d56b', 'anggota'),
(179, '4654', '1483782c059c201e1b4b38b46b71e089', 'anggota'),
(180, '4659', '0c15ea534a3cad35d5487a29c935cae3', 'anggota'),
(181, '4662', 'f161628c8a57cb20b52e61cffafb476c', 'anggota'),
(182, '4664', '7e36ee599cc406546d715bb20a5006b3', 'anggota'),
(183, '4666', '491d9542174f2aacc0983e355dcfc6a9', 'anggota'),
(184, '4668', '7258014774e7db58e8f99d37cc934c91', 'anggota'),
(185, '4682', '2947fcbbf4d2f55e7b17926dbc2da66b', 'anggota'),
(186, '4685', '6270a29bd2eee9375a096137926d1e43', 'anggota'),
(187, '4686', 'f8dd33f249ecfff3bc520c82ca424bff', 'anggota'),
(188, '4693', '9c6d6bc6a92b6561a48cb6c379865334', 'anggota'),
(189, '4697', 'd7c93ba82decf1b31b8409307067b6ac', 'anggota'),
(190, '4704', '848f83ad9cd128920761a44c2b56fee2', 'anggota'),
(191, '4708', 'd47e93d3e39b72b891a430d1f7e44b08', 'anggota'),
(192, '4709', '1fc3f3855c156fc5794ade659de3fdc5', 'anggota'),
(193, '4716', 'a2fbb01541aa4c8d4b6e134cdfbb0463', 'anggota'),
(194, '4717', '00b7809137e8db44fcb6f95acffba460', 'anggota'),
(195, '4718', 'deeaf600a8eab0d407b1fd1e99528d28', 'anggota'),
(196, '4719', '63687ba60604f5f8ff93cb253920b2bd', 'anggota'),
(197, '4722', '917c9ce16ec280c0cc549cdf51979851', 'anggota'),
(198, '4733', '06e599ded9f476dcd0a14df1a7c1efa3', 'anggota'),
(199, '4734', '0649960f89d306f997d14547d5760608', 'anggota'),
(200, '4736', 'b39c04f2fc79af2223f73cb0701d0888', 'anggota'),
(202, '4749', 'c22808b7a832aded0f904fa134cc8e1a', 'anggota'),
(203, '4753', 'c41992092c128b0d97d6a43e174ee3bf', 'anggota'),
(204, '4762', 'bf893b411314e93ed6ca5693daa5e1a5', 'anggota'),
(205, '4768', '384054f1862fbad5b991414228c9179b', 'anggota'),
(206, '4784', '7c2473639c6bd2465ff8d09663a27df0', 'anggota'),
(207, '4791', 'b6f577bf6b9aa0da423b0f56a05d2967', 'anggota'),
(208, '4796', 'a54846432475eadbe3e8b2b8fe9e1dbf', 'anggota'),
(209, '4798', '2b874564792c3b79ce68639cf22b5833', 'anggota'),
(210, '4799', '8c5bc13604a7e32d0315256020aca71b', 'anggota'),
(211, '4271', '019017b10c48c0dbffa07f7be95f7f1e', 'anggota'),
(212, '4642', 'f35354e246f1e381b1952a602bc5c113', 'anggota'),
(213, '4643', '4cea83c35ab2700a5a3188b12b0be724', 'anggota'),
(214, '4644', '0fca60d21f94f5debb46ba36020f2469', 'anggota'),
(215, '4650', 'a3d8d0c86023e26c01f0cbc99e73ba8e', 'anggota'),
(216, '4651', 'ed74ed99adfa6a0889b2e368695b2f7f', 'anggota'),
(217, '4665', 'ecb05e0a227c7fc611b1326a385de773', 'anggota'),
(218, '4670', 'ac2fdfd0060183143aeeed687fdf2cab', 'anggota'),
(219, '4677', 'd9412b58c08e4c05acfab8aabf461d0a', 'anggota'),
(220, '4688', 'cfd3cfdd00317043daaf3e4547fb228e', 'anggota'),
(221, '4692', '6f02707c144b2cb8763a92aa287e5f84', 'anggota'),
(222, '4694', 'a1465fefce6dba509b376599d9520f43', 'anggota'),
(223, '4698', 'e515d38447c5cd2f88596c17c7a1b368', 'anggota'),
(224, '4711', 'af17c4d153274a7a6b46039db5a15d59', 'anggota'),
(225, '4723', '8738982e8bcddb38c9f256f74e3ec599', 'anggota'),
(226, '4724', '051115848df26f15b273d182acb08789', 'anggota'),
(227, '4725', 'af1c6309c508905755cc934735aeffc3', 'anggota'),
(228, '4741', '031f439a96acceeb66e8ccf334c35581', 'anggota'),
(229, '4743', 'c314c6a6417a51e0b0e635c19b1fe499', 'anggota'),
(230, '4747', '6eb4e70fb2cfa05a232dec88b3feff71', 'anggota'),
(231, '4748', 'c831de7262b959a421ef0f300696b036', 'anggota'),
(232, '4750', '5beced26074b0519f14f65d1e123bee9', 'anggota'),
(233, '4754', '10293ff757a01cde4df775f9db75d42e', 'anggota'),
(234, '4755', '1f69423b0524a2165d0c88e25d2ca2d9', 'anggota'),
(235, '4759', '48bbbf28f60db06a470b711b61ca7b50', 'anggota'),
(236, '4764', '6454811a7c8e9b88d72441ebfd689c0d', 'anggota'),
(237, '4771', '7c2d2a5fdcfa9aaf7013c0a6c7a8fe3b', 'anggota'),
(238, '4778', '764f6ca91b29f4bd356ed7a53652acef', 'anggota'),
(239, '4789', '0c325388b7b0dc8625ce37707f9d36a3', 'anggota'),
(240, '4792', 'eb5671bc6c9b57c0891835815e505bd1', 'anggota'),
(241, '4793', '5f56e83674408bf071f196951d355184', 'anggota'),
(242, '4800', '5c8eb6cc3be3c0c2df15e77a3001bf43', 'anggota'),
(243, '4803', '5379b958c9a156fc5b58e43ac4ad84d2', 'anggota'),
(244, '4807', '1e8b75653ff7173b8db14bad556b7abd', 'anggota'),
(245, '3703', 'd3a74781470cd594f1e08af1c9131fd2', 'anggota'),
(246, '4638', 'efe7fd6ee7c90437c3cbfcbf25a5470a', 'anggota'),
(247, '4645', '5e105f18c950c8aa1736664742f60d9d', 'anggota'),
(248, '4648', '99a6ddeae86532108bb9b162162ae3d6', 'anggota'),
(249, '4656', '60dba738b5a25077328cb21a37927542', 'anggota'),
(250, '4672', '5fbc494fdb23f6e054035243d4676288', 'anggota'),
(251, '4676', '22ce554efc1ef3f9810e54ed3bb7e977', 'anggota'),
(252, '4683', '7c51ea69713e8ed20c9702354c8ab4f9', 'anggota'),
(253, '4690', '2d210977496575f3e4264195c3ba02a3', 'anggota'),
(254, '4699', 'c02dbe9ddbb3dd38230b6cb16accaa91', 'anggota'),
(255, '4700', '550078603bda9179c54d57fc153fe335', 'anggota'),
(256, '4701', '2e2b0c0c6870978c1662e38bdc11a7a9', 'anggota'),
(257, '4702', '04a77cb1af65697ada185f1e91bd525d', 'anggota'),
(258, '4706', '628384f26d577bfd75724a5a89bf1c2e', 'anggota'),
(259, '4710', '88ed401da28d2da6044b3ca14b7c2edc', 'anggota'),
(260, '4713', '3639d634a601217f71ec8ee91768671a', 'anggota'),
(261, '4714', 'bce8388c09ae17def6eb22dc6dd3a2d6', 'anggota'),
(262, '4726', '3f1ef0a59d8cface5a6bd6fd107ca873', 'anggota'),
(263, '4728', '63475e10cef673090d55ce25238537aa', 'anggota'),
(264, '4731', '894e97d39005cf3e27b83853da34e49d', 'anggota'),
(265, '4735', 'b491ade2bfec745d127b75429f0c533c', 'anggota'),
(266, '4742', 'ca9eec6c686bbc626e689e76e1d15635', 'anggota'),
(267, '4744', 'c8695c2dbb692aacfcfc26a9dd4aa858', 'anggota'),
(268, '4746', 'ab768860f9385b262bccf1eb870f4a9e', 'anggota'),
(269, '4752', '6c929a52a5bba3b64c600745e4612cba', 'anggota'),
(270, '4761', 'd1003eb685bd3fab95bd09a11b3287e8', 'anggota'),
(271, '4766', 'dc8f0a7d10cbbf704fc8d4b3f80e182c', 'anggota'),
(272, '4767', '02d5518c0a7f09206e5a89d9d89170a0', 'anggota'),
(273, '4770', 'd5056049645d079dc68b12615761d34c', 'anggota'),
(274, '4772', 'da7965473650ac4dd8fcaf10058c6280', 'anggota'),
(275, '4775', '7d4a3c295b70ceb0ed8a8f5ef5eceb1b', 'anggota'),
(276, '4781', 'd75a1034e7252fc7a9a9bbbe36a9e718', 'anggota'),
(277, '4786', '086f89b42373c344d6a987b5634979b4', 'anggota'),
(278, '4787', '0c49d49334c777f503d18107ef6f4b27', 'anggota'),
(279, '4797', '6608c2d21e81c167addc154e2825dc70', 'anggota'),
(280, '4802', 'f5f9b0ce48d3128f60b1eea11611d065', 'anggota'),
(281, '4639', '0ddff75415a5f5f5da3c9573392ccda3', 'anggota'),
(282, '4641', '43234e72d637baf6d2debc64e3d651a5', 'anggota'),
(283, '4647', '8623ffc63364748dc3ea431ad26e28dc', 'anggota'),
(284, '4653', '03cd22c4b99b4839a7a8e9daa023f80f', 'anggota'),
(285, '4674', '5217de20b06ecff8e30fb01b79d3f621', 'anggota'),
(286, '4680', 'd6339de87191902aec04e1f758888374', 'anggota'),
(287, '4687', '778c20872bf5b148a5102414cc36ff03', 'anggota'),
(288, '4712', '1300a339af4256bf999924919fe7fcbe', 'anggota'),
(289, '4715', '179cff9105d97cf8d8266bd965f81eb4', 'anggota'),
(290, '4729', '57aff6c07046c4cf0309d118d0f6f29e', 'anggota'),
(291, '4739', 'b7dd17aea2d3bbf1524d97d32005dac7', 'anggota'),
(292, '4740', 'bd4d52198a3508ecb7cb885f62a90363', 'anggota'),
(293, '4751', 'ec16920fa419a6c9c69766d179a73bc2', 'anggota'),
(294, '4760', 'a8bd0e6ea876e1d45e21bb4b9c2cc569', 'anggota'),
(295, '4763', '89f62a08d01aed410f1e9397b25216b7', 'anggota'),
(296, '4765', 'dccfe66afe89b0670bd044e244dcce2b', 'anggota'),
(297, '4769', 'dfe25603b872988572670ff884026bf6', 'anggota'),
(298, '4773', '622fef10c794ece0f3c4a6310ac7237f', 'anggota'),
(299, '4774', '6bc7c0bd23bfe6bd7546d160381daea7', 'anggota'),
(300, '4777', 'f11f4510c602964f059c2e1bc1120b4e', 'anggota'),
(301, '4779', '42a67297e3e9d0c732fcffda7d0ae0c4', 'anggota'),
(302, '4780', 'e8c9ca15a11836c483e10dd82cdcf142', 'anggota'),
(303, '4783', 'e5578f21ffe77851cadadba953760cc4', 'anggota'),
(304, '4790', 'efaf54fe98a516436aaee6b922f108a4', 'anggota'),
(305, '4794', 'b223fdcc6cf596ddb341fb729fc16b95', 'anggota'),
(306, '4795', '528a519e66d3ef7cdda929212dd06227', 'anggota'),
(307, '4801', '5a87f2476ee47089c6cbf62eef66d340', 'anggota'),
(308, '4804', '6b392246ab1c8fa58bee55c5682d8c4b', 'anggota'),
(309, '4805', '30f88904be2aabd614fc9c25007e1bf5', 'anggota'),
(310, '4808', '8a5740dafa57b2a56bb4b9f9055f25d0', 'anggota'),
(311, '4810', 'e711829b8180091face916c11e466440', 'anggota'),
(312, '4811', '987548bfac8fefdee68e94f6c190ac33', 'anggota'),
(313, '4813', '94c03b1a9e447ae2df55d3f621d1b110', 'anggota'),
(314, '4821', '3b1c0a8d6a955f81e5beddc8f4d41a83', 'anggota'),
(315, '4646', '44941639d5d02ab334c44de3cc9e1beb', 'anggota'),
(316, '4655', 'aaf1c13a5ff1243bc2ff31476357347e', 'anggota'),
(317, '4663', 'f84707b3c4f2b57ac5bf817889dec404', 'anggota'),
(318, '4667', '0a478352306c8af6d0a7bb59cf36944f', 'anggota'),
(319, '4669', '406db11f9107d6cc97e524fa6b175c00', 'anggota'),
(320, '4673', 'be120e9eea4489618923f98608848022', 'anggota'),
(321, '4679', '660380189e82bdb811b0076873e9c1d6', 'anggota'),
(322, '4681', 'e0b069b5d41fffe6b586ab1a593f7337', 'anggota'),
(323, '4684', 'fc0258b74a0a7790f88ae5218e181ffd', 'anggota'),
(324, '4689', 'f2e86db766112e5c9943e398317e4b65', 'anggota'),
(325, '4691', '4eb80d726525cc6a0aef21bf58f280bd', 'anggota'),
(326, '4696', '958d836a31b318ed235f5b9299e7f696', 'anggota'),
(327, '4707', 'bcb8867a02bde82c30330c28e455f6f3', 'anggota'),
(328, '4720', 'fe5683ee76c7b34ca64cbd4bd5932f27', 'anggota'),
(329, '4730', '0c3b344a9588c044ad1cf69df2478e3b', 'anggota'),
(330, '4732', 'd158f70bf76ac7e434e1ee2898993636', 'anggota'),
(331, '4737', '4af1ce3199d50dcac9626066fa1c4e54', 'anggota'),
(332, '4776', 'f8bedf0ce45829f9797c93a11e655d77', 'anggota'),
(333, '4782', '30e760d21f0c3d777158bc961aaf2b5a', 'anggota'),
(334, '4785', 'b414620573c317f2f43a8d775971c138', 'anggota'),
(335, '4788', 'a933161204391e7e651543e58a5e1f19', 'anggota'),
(336, '4806', 'f2a275c4cb654e12026cf76222f3b40f', 'anggota'),
(337, '4827', '6d08382c3847a4af55092a8ac93008c1', 'anggota'),
(338, '4829', '63f820d17c0efd94be14b6d511076841', 'anggota'),
(339, '5013', 'f23760c42c8845440f47b4838797e437', 'anggota'),
(340, '4473', 'c15d199539a85b34b43b81a2a782c7f3', 'anggota'),
(341, '4479', '1ec70d3f1e1450a7ed652d0550d8e6b0', 'anggota'),
(342, '4483', '264f14852d30729c0ffcc7e58462d64e', 'anggota'),
(343, '4485', '264f14852d30729c0ffcc7e58462d64e', 'anggota'),
(344, '4489', 'ba78f1990db5859af0e1e8e273b46f7a', 'anggota'),
(345, '4509', 'ccf99b491139a81604bad71e7ec5c0e5', 'anggota'),
(346, '4516', '264f14852d30729c0ffcc7e58462d64e', 'anggota'),
(347, '4526', '47b9153ee974b5878aa4ffb55b782246', 'anggota'),
(348, '4527', '9b231af1aa9853bd32d83523f1d76926', 'anggota'),
(349, '4531', '418fcbda0e2df78cd20560bb39fd512f', 'anggota'),
(350, '4535', '8ff8996376b8c63b4d3a66c1af9a24ee', 'anggota'),
(351, '4537', 'cbd7028b7351b4b076d936dd59766c32', 'anggota'),
(352, '4547', '648af37b95976e60da1783f05f27d20b', 'anggota'),
(353, '4548', '0a976468c918ec859411682d3a37b9d6', 'anggota'),
(354, '4551', 'e8466d2ad1cc80b805abc07a860dd07c', 'anggota'),
(355, '4554', 'b5d6b69e53df683732fcee79373e6ef0', 'anggota'),
(356, '4555', '264f14852d30729c0ffcc7e58462d64e', 'anggota'),
(357, '4569', '3b01815a823321f0ecfff601bbeb1e46', 'anggota'),
(358, '4573', 'da00c87486d49f960045a6d0d49bf05a', 'anggota'),
(359, '4578', '28f04acfe91c797cbbbb5fa726deebf8', 'anggota'),
(360, '4579', '5ff63ffd5153bf56f2c79e444c51d11e', 'anggota'),
(361, '4583', 'fed58847a9213a8374b0382e9ca620aa', 'anggota'),
(362, '4584', '264f14852d30729c0ffcc7e58462d64e', 'anggota'),
(363, '4586', 'c3ca8684b53fdb1ae504bde62e9b680e', 'anggota'),
(364, '4587', '64e16be056ccb1f735f2358e542ba2db', 'anggota'),
(365, '4596', '264f14852d30729c0ffcc7e58462d64e', 'anggota'),
(366, '4604', '85b282d0cf0d378dcb548d0f5b1718d7', 'anggota'),
(367, '4605', '367f2c04c93c898a58a2edab4e953796', 'anggota'),
(368, '4608', 'ea2f443ce5437eaf75d5b3e0b737e8fa', 'anggota'),
(369, '4617', '9158e11af9cd36a887a7b55437671137', 'anggota'),
(370, '4619', '29a254a8fd1ecddff7db1157c89a9899', 'anggota'),
(371, '4622', 'b498eb13e6b0bd96ba6668d630d0e935', 'anggota'),
(372, '4815', 'e746c7278c71555f78d660988225a1b4', 'anggota'),
(373, '4825', '264f14852d30729c0ffcc7e58462d64e', 'anggota'),
(374, '4828', '492eda251f5954807745c74f5f797123', 'anggota'),
(375, '4466', '6192406329d732cb5ccb0d42b0af66ab', 'anggota'),
(376, '4474', 'aaed9a336f1b5c76a279f5faf9051fb6', 'anggota'),
(377, '4475', 'c7aca3d90989b145f254c6dd29088fb6', 'anggota'),
(378, '4486', '9f5ea825a8d268ce8c441eefa8674bbe', 'anggota'),
(379, '4490', '4151531f31dbf54c7013b65d9460f8cd', 'anggota'),
(380, '4497', '44a044e3ab14a359a11a9bed7a1fccf8', 'anggota'),
(381, '4505', 'ec157af36670c8f5e0574db639514a09', 'anggota'),
(382, '4506', 'e93fae882e9eb2fbd66e25bcde816f57', 'anggota'),
(383, '4510', '24553b3cfab36bfe09931d58db590475', 'anggota'),
(384, '4511', '6ec90210c14926a3e23ced226d495509', 'anggota'),
(385, '4514', 'df8fc958ceb8f07f26b7b365b36787a9', 'anggota'),
(386, '4518', 'abf4a023b186b7d0dabc252f7e4f7452', 'anggota'),
(387, '4519', 'fb0a15ca90ca11596c76403b90130c4a', 'anggota'),
(388, '4520', '0a023d815d94921a627a033a0c5a764c', 'anggota'),
(389, '4525', '5ef73aecf40d4ae15e35fe50f293a81a', 'anggota'),
(390, '4529', '3be4d4037f200affe56275aa90682c10', 'anggota'),
(391, '4532', '7ff30d3cfab08a5289891a1010c1b357', 'anggota'),
(392, '4534', '0a7a6102fa8213e8529de4ee7ee811c4', 'anggota'),
(393, '4540', 'c69ca936537d2e0b194c60add87de761', 'anggota'),
(394, '4557', 'b9c4726845bf0a11940fe31cb437c041', 'anggota'),
(395, '4559', '3570417c98f94002e2ac7e24790f6599', 'anggota'),
(396, '4560', 'e89b067afb440e9723220ce8448595bd', 'anggota'),
(397, '4561', '3dc77c2557fcc95188b186f79253b25f', 'anggota'),
(398, '4563', 'e57379cc82973a0cdb10047a3a5a67ad', 'anggota'),
(399, '4567', '0d5c94b4ff33f9b852295d3c58df8b73', 'anggota'),
(400, '4576', 'bcfe9ba599189b20647cc20cf9ba6e65', 'anggota'),
(401, '4588', '0e932d23fc057f66a710e7f19276ad4b', 'anggota'),
(402, '4589', '7e32d22af6356aa6cca2aac7139e9130', 'anggota'),
(403, '4590', '1b4f722338b3c29258da43de4e5bc848', 'anggota'),
(404, '4592', 'c78669a81e246912e1d36c399876925e', 'anggota'),
(405, '4593', '5e8bddc95cb7458a00eeefacfe67bc00', 'anggota'),
(406, '4594', '7f85b091bb90d63fa23bcc3f48aceb67', 'anggota'),
(407, '4598', '2e43965fce883e4c219514781187c128', 'anggota'),
(408, '4614', '1bd3ea6a736bf4eb754aaee80aea993c', 'anggota'),
(409, '4635', 'e492b91e32f1e5b9290654a67beb000e', 'anggota'),
(410, '4816', 'a57aa4c61aa9a7a0a2ab05643d0e44cb', 'anggota'),
(411, '4491', '85cd1a014afd6a2801ca6c266d6d2074', 'anggota'),
(412, '4493', 'e2ded799cb7e38d95ceb3711cff28264', 'anggota'),
(413, '4494', '1e11bd386bbf65078551fec0ed2de157', 'anggota'),
(414, '4495', 'd14ba9b8ed83dd14ffb7e02edcd8381a', 'anggota'),
(415, '4499', '13654216450f5c94f6341e273a7c2d5b', 'anggota'),
(416, '4500', 'f550347e97ee975087cad894e93605e0', 'anggota'),
(417, '4504', '4974ddbfaec6eb708fb21dcc55c683c5', 'anggota'),
(418, '4507', 'eebb8d2fc5d8e61cb7f629bed29dba07', 'anggota'),
(419, '4508', '3177c5ba3db2eb95f817e0d662a987f1', 'anggota'),
(420, '4522', '8034f8f69fb54d959bb417b7a2b09c53', 'anggota'),
(421, '4528', 'cd3e112debaa31d308fd665b6bde3128', 'anggota'),
(422, '4536', '5b8e6f22611bdfa57ef95f2e61aaaac3', 'anggota'),
(423, '4542', '155f704ee32ef8d54f3a9978562a480a', 'anggota'),
(424, '4543', 'ec2f1647ebf1a30ab99eaecef509a6be', 'anggota'),
(425, '4544', '8d7f6092ef61628cbec70be8205ad986', 'anggota'),
(426, '4545', '341ad06bef5b354b15e2303eb67707a7', 'anggota'),
(427, '4546', 'a0fbfb22702a6382345828d4c8262221', 'anggota'),
(428, '4558', '8e90cbcff3083b09a931c14e04bb1557', 'anggota'),
(429, '4562', '4092af80db26118947494362211d0936', 'anggota'),
(430, '4564', '47456156cbc8c358f51f89f6d6200a70', 'anggota'),
(431, '4565', 'f7531815e96108322f7475cc23d59d2b', 'anggota'),
(432, '4571', '4040f12eb874ee64ffecf59324a0dd31', 'anggota'),
(433, '4582', '78f8cee41588c5ad4598dd122d825ab9', 'anggota'),
(434, '4601', '91fed14c3f1017eb4f1c5ba351f7c39b', 'anggota'),
(435, '4609', 'dc8f031d5dc5462e894169f4e89488bc', 'anggota'),
(436, '4610', 'b578b260bacf9deb9c8e2d3350629b31', 'anggota'),
(437, '4611', '40cad2300388c83dd411695302cf9ad5', 'anggota'),
(438, '4613', 'b8f219bcd8aff6881ac8b29204db88fc', 'anggota'),
(439, '4616', 'ac31f4d06a484ed85b2f96602428fbe7', 'anggota'),
(440, '4624', '0f7561fa5741b1bf8fd2fb4d16e6fa30', 'anggota'),
(441, '4631', 'e9c168bdd872b57e32868bd34c5e7d95', 'anggota'),
(442, '4634', '746efa8f072ebf264bcd8ab407813372', 'anggota'),
(443, '4636', 'acf0b543c19e9b9a33acf8e8c75a58e3', 'anggota'),
(444, '4818', 'b09bb876cac49be56be9f39bcaeb9c1a', 'anggota'),
(445, '4819', '0eb561faf2a67c0c282c9ecc1ae961d3', 'anggota'),
(446, '4823', 'd6baa572640628b44a259344b2a46631', 'anggota'),
(447, '4512', 'c54e07ccac703d89d721d1fb3ef708d5', 'anggota'),
(448, '4477', 'b7978b3f27cfba5fcf59c527cefd6d5e', 'anggota'),
(449, '4585', 'e51406093d909faf63119838a1dc74c0', 'anggota'),
(450, '4549', 'e20224aca70e8922be342c352ccdd00a', 'anggota'),
(451, '4478', '53bb542bf69a98a2f276491ad240f573', 'anggota'),
(452, '4480', '7d92448668c0946133e7cc4bf1b6d995', 'anggota'),
(453, '4552', 'e46f6dc82f99fa1b569c2ab9203e8192', 'anggota'),
(454, '4515', '530b926f64de7114c7dfe69e50f6d80c', 'anggota'),
(455, '4481', 'f7da0b59d1701250a32c913f65116fd7', 'anggota'),
(456, '4484', '98f04418b09e7c9ae1aa044b36056963', 'anggota'),
(457, '4556', '986f19c96c669c2e838be45465cf38b1', 'anggota'),
(458, '4591', '93dece95f1e302b845d84c49ac6b83c7', 'anggota'),
(459, '4595', '16aecf9bb35d55d8e63bb822ecbb3e07', 'anggota'),
(460, '4597', '735eebad147a2591a6fd23dfa6ebd177', 'anggota'),
(461, '4488', 'd3ba02573abc9f0f7471fd47a1333b64', 'anggota'),
(462, '4629', '0c85c082a249f06a321a3e7fea0e57f1', 'anggota'),
(463, '4521', '769f0e1c5600e70f821fc78306a1ab13', 'anggota'),
(464, '4492', '71fdbf66bcc4aa20dbbf14c29d3c9920', 'anggota'),
(465, '4523', '6ff2c27684b7922e85eb1f788ebaadfe', 'anggota'),
(466, '4496', '4f3e9abd3a8cd75b21ed41040c408aec', 'anggota'),
(467, '4568', '65df748876a2e32e9455d3e6e0b652e0', 'anggota'),
(468, '4632', 'c52ff221b3476810a045751ebd6f812a', 'anggota'),
(469, '4530', '1bbffcc94ea31b03636a24c76845d883', 'anggota'),
(470, '4570', 'd342a80c1231d54a32489d41a7af1ac6', 'anggota'),
(471, '4572', 'fa5acac97316ec61504fa58584ee6866', 'anggota'),
(472, '4533', 'a2c72a2b03c8ff1541b6f4e241cb4d24', 'anggota'),
(473, '4574', 'ba80b4fe5d96afbf710639b46c3b37a5', 'anggota'),
(474, '4501', '71fbc26e0c59a76b60e62ed23a218292', 'anggota'),
(475, '4575', '56a9369cd870bbbc832e825b83f3b5fe', 'anggota'),
(476, '4577', '8c3b97ee499e4c338f5319c916bf1d76', 'anggota'),
(477, '4581', 'f1814ef38657828deb76bb73dc9407ae', 'anggota'),
(478, '4538', '965ab5c67d4387d2f26894888936854c', 'anggota'),
(479, '4502', 'c95fe0c0c47f4ff460826c7f28aad902', 'anggota'),
(480, '4826', '47c23f9bc0785ad69e64fc7dfac038a2', 'anggota'),
(481, '4503', 'a84f7352f5fb749ef848b20802d36de2', 'anggota'),
(482, '4541', '5eddbcdbf89fa2ec1be183b7d24948aa', 'anggota'),
(483, '4745', '78126065bdf7ff8a45755c79676fc2e8', 'anggota'),
(484, '0146', '21232f297a57a5a743894a0e4a801fc3', 'super'),
(495, '145231789', 'cf93f05194408349d3d082a2ae4105ca', 'anggota');

-- --------------------------------------------------------

--
-- Struktur dari tabel `tb_peminjaman`
--

CREATE TABLE `tb_peminjaman` (
  `kd_peminjaman` int(10) NOT NULL,
  `kd_anggota` varchar(20) NOT NULL,
  `kd_buku` varchar(10) NOT NULL,
  `jumlah` int(11) NOT NULL,
  `tgl_pinjam` date NOT NULL,
  `tgl_kembali` date NOT NULL,
  `tgl_pengembalian` date NOT NULL,
  `status` varchar(20) NOT NULL,
  `denda` int(11) NOT NULL
) ENGINE=InnoDB DEFAULT CHARSET=utf8mb4;

--
-- Dumping data untuk tabel `tb_peminjaman`
--

INSERT INTO `tb_peminjaman` (`kd_peminjaman`, `kd_anggota`, `kd_buku`, `jumlah`, `tgl_pinjam`, `tgl_kembali`, `tgl_pengembalian`, `status`, `denda`) VALUES
(20, '3703', 'B001', 10, '2021-06-05', '2021-06-07', '2021-06-05', 'Dikembalikan', 50000),
(21, '4466', 'B004', 5, '2021-06-05', '2021-06-07', '2021-06-09', 'Dikembalikan', 2000),
(22, '4490', 'B007', 1, '2021-06-07', '2021-06-08', '2021-06-09', 'Dikembalikan', 1000),
(23, '4929', 'B014', 2, '2021-06-07', '2021-06-08', '2021-06-09', 'Dikembalikan', 1000),
(24, '4489', 'B014', 20, '2021-06-08', '2021-06-09', '2021-06-09', 'Dikembalikan', 0),
(25, '3703', 'B014', 1, '2021-06-08', '2021-06-09', '2021-06-09', 'Dikembalikan', 50000),
(27, '3703', 'B005', 10, '2021-06-14', '2021-06-15', '2021-06-15', 'Dikembalikan', 0),
(29, '4525', 'B014', 4, '2021-06-29', '2021-06-30', '2021-06-30', 'Dikembalikan', 0),
(30, '4521', 'B018', 10, '2021-06-28', '2021-06-29', '2021-06-30', 'Dikembalikan', 51000),
(31, '3703', 'B021', 1, '2021-06-28', '2021-07-01', '2021-06-30', 'Dikembalikan', 0),
(33, '3703', 'B021', 10, '2021-06-29', '2021-06-29', '2021-06-30', 'Dikembalikan', 51000),
(35, '4525', 'B021', 4, '2021-06-30', '2021-07-01', '0000-00-00', 'Dipinjam', 0),
(36, '3703', 'B014', 4, '2021-06-29', '2021-06-30', '0000-00-00', 'Dipinjam', 0);

-- --------------------------------------------------------

--
-- Struktur dari tabel `tb_rak`
--

CREATE TABLE `tb_rak` (
  `kd_rak` varchar(10) NOT NULL,
  `nama_rak` varchar(50) NOT NULL
) ENGINE=InnoDB DEFAULT CHARSET=utf8mb4;

--
-- Dumping data untuk tabel `tb_rak`
--

INSERT INTO `tb_rak` (`kd_rak`, `nama_rak`) VALUES
('Rak-001', 'A - Bahasa'),
('Rak-002', 'B - Pend.Agama & PJO'),
('Rak-003', 'C - IPA'),
('Rak-004', 'D - Matematika & Al-Qur\'an'),
('Rak-005', 'E - IPS & PKN'),
('Rak-006', 'F');

--
-- Indexes for dumped tables
--

--
-- Indeks untuk tabel `tb_anggota`
--
ALTER TABLE `tb_anggota`
  ADD PRIMARY KEY (`NomorInduk`);

--
-- Indeks untuk tabel `tb_buku`
--
ALTER TABLE `tb_buku`
  ADD PRIMARY KEY (`kd_buku`),
  ADD KEY `kd_rak` (`kd_rak`),
  ADD KEY `kd_kategori` (`kd_kategori`);

--
-- Indeks untuk tabel `tb_bukuhilang`
--
ALTER TABLE `tb_bukuhilang`
  ADD PRIMARY KEY (`kd_hilang`),
  ADD KEY `kd_peminjaman` (`kd_peminjaman`);

--
-- Indeks untuk tabel `tb_kategori`
--
ALTER TABLE `tb_kategori`
  ADD PRIMARY KEY (`kd_kategori`);

--
-- Indeks untuk tabel `tb_login`
--
ALTER TABLE `tb_login`
  ADD PRIMARY KEY (`id_login`),
  ADD KEY `username` (`username`);

--
-- Indeks untuk tabel `tb_peminjaman`
--
ALTER TABLE `tb_peminjaman`
  ADD PRIMARY KEY (`kd_peminjaman`),
  ADD KEY `kd_anggota` (`kd_anggota`),
  ADD KEY `kd_buku` (`kd_buku`);

--
-- Indeks untuk tabel `tb_rak`
--
ALTER TABLE `tb_rak`
  ADD PRIMARY KEY (`kd_rak`);

--
-- AUTO_INCREMENT untuk tabel yang dibuang
--

--
-- AUTO_INCREMENT untuk tabel `tb_bukuhilang`
--
ALTER TABLE `tb_bukuhilang`
  MODIFY `kd_hilang` int(11) NOT NULL AUTO_INCREMENT, AUTO_INCREMENT=6;

--
-- AUTO_INCREMENT untuk tabel `tb_kategori`
--
ALTER TABLE `tb_kategori`
  MODIFY `kd_kategori` int(11) NOT NULL AUTO_INCREMENT, AUTO_INCREMENT=4;

--
-- AUTO_INCREMENT untuk tabel `tb_login`
--
ALTER TABLE `tb_login`
  MODIFY `id_login` int(11) NOT NULL AUTO_INCREMENT, AUTO_INCREMENT=496;

--
-- AUTO_INCREMENT untuk tabel `tb_peminjaman`
--
ALTER TABLE `tb_peminjaman`
  MODIFY `kd_peminjaman` int(10) NOT NULL AUTO_INCREMENT, AUTO_INCREMENT=37;

--
-- Ketidakleluasaan untuk tabel pelimpahan (Dumped Tables)
--

--
-- Ketidakleluasaan untuk tabel `tb_buku`
--
ALTER TABLE `tb_buku`
  ADD CONSTRAINT `tb_buku_ibfk_3` FOREIGN KEY (`kd_rak`) REFERENCES `tb_rak` (`kd_rak`),
  ADD CONSTRAINT `tb_buku_ibfk_4` FOREIGN KEY (`kd_kategori`) REFERENCES `tb_kategori` (`kd_kategori`);

--
-- Ketidakleluasaan untuk tabel `tb_bukuhilang`
--
ALTER TABLE `tb_bukuhilang`
  ADD CONSTRAINT `tb_bukuhilang_ibfk_1` FOREIGN KEY (`kd_peminjaman`) REFERENCES `tb_peminjaman` (`kd_peminjaman`);

--
-- Ketidakleluasaan untuk tabel `tb_login`
--
ALTER TABLE `tb_login`
  ADD CONSTRAINT `tb_login_ibfk_1` FOREIGN KEY (`username`) REFERENCES `tb_anggota` (`NomorInduk`) ON DELETE CASCADE ON UPDATE CASCADE;

--
-- Ketidakleluasaan untuk tabel `tb_peminjaman`
--
ALTER TABLE `tb_peminjaman`
  ADD CONSTRAINT `tb_peminjaman_ibfk_1` FOREIGN KEY (`kd_anggota`) REFERENCES `tb_anggota` (`NomorInduk`) ON DELETE NO ACTION ON UPDATE NO ACTION,
  ADD CONSTRAINT `tb_peminjaman_ibfk_2` FOREIGN KEY (`kd_buku`) REFERENCES `tb_buku` (`kd_buku`) ON DELETE CASCADE ON UPDATE CASCADE;
COMMIT;

/*!40101 SET CHARACTER_SET_CLIENT=@OLD_CHARACTER_SET_CLIENT */;
/*!40101 SET CHARACTER_SET_RESULTS=@OLD_CHARACTER_SET_RESULTS */;
/*!40101 SET COLLATION_CONNECTION=@OLD_COLLATION_CONNECTION */;
